mill_id,recipe_id,period,planned_hours,planned_tons,planned_days,available_hours,utilization_pct,scenario_id
M1,R1,2020-01-01 00:00:00,148.3,6984.69,28,572.0,25.93,base
M1,R1,2020-02-01 00:00:00,145.5,6851.51,28,566.5,25.68,base
M1,R1,2020-03-01 00:00:00,157.74,7429.58,30,621.5,25.38,base
M1,R1,2020-04-01 00:00:00,139.43,6566.81,28,594.0,23.47,base
M1,R1,2020-05-01 00:00:00,126.23,5945.73,30,627.0,20.13,base
M1,R1,2020-06-01 00:00:00,156.9,7389.93,30,616.0,25.47,base
M1,R1,2020-07-01 00:00:00,178.89,8423.72,31,632.5,28.28,base
M1,R1,2020-08-01 00:00:00,164.39,7741.6,31,632.5,25.99,base
M1,R1,2020-09-01 00:00:00,144.62,6812.63,28,572.0,25.28,base
M1,R1,2020-10-01 00:00:00,162.89,7672.16,31,627.0,25.98,base
M1,R1,2020-11-01 00:00:00,152.86,7199.19,29,594.0,25.73,base
M1,R1,2020-12-01 00:00:00,152.37,7174.46,29,605.0,25.19,base
M1,R1,2021-01-01 00:00:00,158.26,7454.88,30,610.5,25.92,base
M1,R1,2021-02-01 00:00:00,142.38,6706.91,27,550.0,25.89,base
M1,R1,2021-03-01 00:00:00,160.21,7546.82,31,638.0,25.11,base
M1,R1,2021-04-01 00:00:00,130.0,6122.48,30,610.5,21.29,base
M1,R1,2021-05-01 00:00:00,142.41,6707.78,30,632.5,22.52,base
M1,R1,2021-06-01 00:00:00,150.53,7091.57,29,594.0,25.34,base
M1,R1,2021-07-01 00:00:00,171.85,8093.68,30,610.5,28.15,base
M1,R1,2021-08-01 00:00:00,157.68,7427.66,31,638.0,24.71,base
M1,R1,2021-09-01 00:00:00,158.33,7458.56,30,616.0,25.7,base
M1,R1,2021-10-01 00:00:00,148.22,6981.84,29,583.0,25.42,base
M1,R1,2021-11-01 00:00:00,150.52,7089.67,29,594.0,25.34,base
M1,R1,2021-12-01 00:00:00,162.85,7671.22,31,632.5,25.75,base
M1,R1,2022-01-01 00:00:00,162.29,7644.37,31,627.0,25.88,base
M1,R1,2022-02-01 00:00:00,137.82,6491.68,27,555.5,24.81,base
M1,R1,2022-03-01 00:00:00,163.56,7704.66,31,638.0,25.64,base
M1,R1,2022-04-01 00:00:00,115.39,5433.97,29,594.0,19.43,base
M1,R1,2022-05-01 00:00:00,161.8,7621.019999999999,31,632.5,25.58,base
M1,R1,2022-06-01 00:00:00,153.35,7223.1,29,594.0,25.82,base
M1,R1,2022-07-01 00:00:00,175.67,8274.06,31,627.0,28.02,base
M1,R1,2022-08-01 00:00:00,162.8,7667.93,31,638.0,25.52,base
M1,R1,2022-09-01 00:00:00,157.85,7434.63,30,616.0,25.62,base
M1,R1,2022-10-01 00:00:00,157.66,7426.12,30,610.5,25.82,base
M1,R1,2022-11-01 00:00:00,150.66,7096.71,29,594.0,25.36,base
M1,R1,2022-12-01 00:00:00,147.33,6939.09,28,566.5,26.01,base
M1,R1,2023-01-01 00:00:00,161.84,7621.99,31,632.5,25.59,base
M1,R1,2023-02-01 00:00:00,148.89,7012.54,28,572.0,26.03,base
M1,R1,2023-03-01 00:00:00,141.15,6649.43,29,599.5,23.54,base
M1,R1,2023-04-01 00:00:00,123.29,5807.0,28,605.0,20.38,base
M1,R1,2023-05-01 00:00:00,162.43,7650.63,31,638.0,25.46,base
M1,R1,2023-06-01 00:00:00,158.53,7466.33,28,572.0,27.72,base
M1,R1,2023-07-01 00:00:00,156.61,7375.9,30,605.0,25.89,base
M1,R1,2023-08-01 00:00:00,158.8,7479.65,30,616.0,25.78,base
M1,R1,2023-09-01 00:00:00,150.15,7072.62,29,588.5,25.51,base
M1,R1,2023-10-01 00:00:00,148.1,6975.14,28,572.0,25.89,base
M1,R1,2023-11-01 00:00:00,152.4,7178.03,29,599.5,25.42,base
M1,R1,2023-12-01 00:00:00,153.08,7209.94,30,610.5,25.07,base
M1,R1,2024-01-01 00:00:00,159.34,7505.35,30,621.5,25.64,base
M1,R1,2024-02-01 00:00:00,153.01,7207.08,29,594.0,25.76,base
M1,R1,2024-03-01 00:00:00,126.41,5954.34,29,627.0,20.16,base
M1,R1,2024-04-01 00:00:00,143.23,6746.16,29,594.0,24.11,base
M1,R1,2024-05-01 00:00:00,157.35,7411.53,30,621.5,25.32,base
M1,R1,2024-06-01 00:00:00,172.49,8124.78,30,605.0,28.51,base
M1,R1,2024-07-01 00:00:00,162.35,7646.74,31,638.0,25.45,base
M1,R1,2024-08-01 00:00:00,161.55,7607.69,31,632.5,25.54,base
M1,R1,2024-09-01 00:00:00,151.23,7123.45,29,588.5,25.7,base
M1,R1,2024-10-01 00:00:00,164.3,7738.02,31,638.0,25.75,base
M1,R1,2024-11-01 00:00:00,146.75,6912.14,28,572.0,25.66,base
M1,R1,2024-12-01 00:00:00,157.2,7404.51,30,610.5,25.75,base
M1,R1,2025-01-01 00:00:00,156.7,7381.34,30,621.5,25.21,base
M1,R1,2025-02-01 00:00:00,139.78,6584.11,27,550.0,25.41,base
M1,R1,2025-03-01 00:00:00,113.54,5348.12,29,627.0,18.11,base
M1,R1,2025-04-01 00:00:00,158.63,7471.62,30,616.0,25.75,base
M1,R1,2025-05-01 00:00:00,158.99,7487.48,30,616.0,25.81,base
M1,R1,2025-06-01 00:00:00,171.89,8096.150000000001,30,610.5,28.16,base
M1,R1,2025-07-01 00:00:00,151.39,7130.24,29,599.5,25.25,base
M1,R1,2025-08-01 00:00:00,162.87,7671.02,31,627.0,25.98,base
M1,R1,2025-09-01 00:00:00,154.36,7270.39,29,594.0,25.99,base
M1,R1,2025-10-01 00:00:00,160.17,7544.0,30,616.0,26.0,base
M1,R1,2025-11-01 00:00:00,147.33,6938.83,28,572.0,25.76,base
M1,R1,2025-12-01 00:00:00,163.77,7713.8,31,638.0,25.67,base
M1,R1,2026-01-01 00:00:00,157.29,7408.65,30,616.0,25.53,base
M1,R2,2020-01-01 00:00:00,368.3,20330.65,28,572.0,64.39,base
M1,R2,2020-02-01 00:00:00,365.72,20189.04,28,566.5,64.56,base
M1,R2,2020-03-01 00:00:00,411.23,22699.35,30,621.5,66.17,base
M1,R2,2020-04-01 00:00:00,393.65,21730.05,29,594.0,66.27,base
M1,R2,2020-05-01 00:00:00,443.05,24455.65,31,627.0,70.66,base
M1,R2,2020-06-01 00:00:00,399.16,22033.55,30,616.0,64.8,base
M1,R2,2020-07-01 00:00:00,400.64,22117.45,31,632.5,63.34,base
M1,R2,2020-08-01 00:00:00,400.34,22100.65,31,632.5,63.29,base
M1,R2,2020-09-01 00:00:00,377.09,20814.16,28,572.0,65.92,base
M1,R2,2020-10-01 00:00:00,411.42,22710.32,31,627.0,65.62,base
M1,R2,2020-11-01 00:00:00,370.4,20447.01,29,594.0,62.36,base
M1,R2,2020-12-01 00:00:00,409.13,22586.5,29,605.0,67.62,base
M1,R2,2021-01-01 00:00:00,385.21,21263.12,30,610.5,63.1,base
M1,R2,2021-02-01 00:00:00,360.99,19926.19,27,550.0,65.63,base
M1,R2,2021-03-01 00:00:00,423.88,23396.89,31,638.0,66.44,base
M1,R2,2021-04-01 00:00:00,413.59,22830.86,30,610.5,67.75,base
M1,R2,2021-05-01 00:00:00,439.03,24234.08,31,632.5,69.41,base
M1,R2,2021-06-01 00:00:00,378.03,20865.79,29,594.0,63.64,base
M1,R2,2021-07-01 00:00:00,379.4,20943.56,30,610.5,62.15,base
M1,R2,2021-08-01 00:00:00,403.78,22287.75,31,638.0,63.29,base
M1,R2,2021-09-01 00:00:00,405.31,22371.72,30,616.0,65.8,base
M1,R2,2021-10-01 00:00:00,375.55,20729.94,29,583.0,64.42,base
M1,R2,2021-11-01 00:00:00,385.65,21287.95,29,594.0,64.92,base
M1,R2,2021-12-01 00:00:00,423.15,23356.73,31,632.5,66.9,base
M1,R2,2022-01-01 00:00:00,396.08,21863.29,31,627.0,63.17,base
M1,R2,2022-02-01 00:00:00,355.34,19613.96,27,555.5,63.97,base
M1,R2,2022-03-01 00:00:00,414.11,22858.47,31,638.0,64.91,base
M1,R2,2022-04-01 00:00:00,421.34,23259.11,29,594.0,70.93,base
M1,R2,2022-05-01 00:00:00,424.2,23415.55,31,632.5,67.07,base
M1,R2,2022-06-01 00:00:00,383.6,21174.01,29,594.0,64.58,base
M1,R2,2022-07-01 00:00:00,388.92,21468.81,31,627.0,62.03,base
M1,R2,2022-08-01 00:00:00,421.25,23252.67,31,638.0,66.03,base
M1,R2,2022-09-01 00:00:00,413.15,22805.99,30,616.0,67.07,base
M1,R2,2022-10-01 00:00:00,400.34,22098.67,30,610.5,65.58,base
M1,R2,2022-11-01 00:00:00,385.41,21274.11,29,594.0,64.88,base
M1,R2,2022-12-01 00:00:00,377.17,20819.96,28,566.5,66.58,base
M1,R2,2023-01-01 00:00:00,416.92,23014.72,31,632.5,65.92,base
M1,R2,2023-02-01 00:00:00,361.22,19940.29,28,572.0,63.15,base
M1,R2,2023-03-01 00:00:00,414.85,22898.28,29,599.5,69.2,base
M1,R2,2023-04-01 00:00:00,422.77,23336.88,30,605.0,69.88,base
M1,R2,2023-05-01 00:00:00,409.22,22588.55,31,638.0,64.14,base
M1,R2,2023-06-01 00:00:00,349.09000000000003,19270.38,28,572.0,61.03,base
M1,R2,2023-07-01 00:00:00,382.75,21128.37,30,605.0,63.26,base
M1,R2,2023-08-01 00:00:00,405.02,22356.72,30,616.0,65.75,base
M1,R2,2023-09-01 00:00:00,387.59,21394.16,29,588.5,65.86,base
M1,R2,2023-10-01 00:00:00,381.9,21081.32,28,572.0,66.77,base
M1,R2,2023-11-01 00:00:00,397.45,21939.38,29,599.5,66.3,base
M1,R2,2023-12-01 00:00:00,389.32,21490.65,30,610.5,63.77,base
M1,R2,2024-01-01 00:00:00,405.06,22358.86,30,621.5,65.17,base
M1,R2,2024-02-01 00:00:00,397.49,21941.06,29,594.0,66.92,base
M1,R2,2024-03-01 00:00:00,430.54,23765.73,31,627.0,68.67,base
M1,R2,2024-04-01 00:00:00,394.78,21791.77,29,594.0,66.46,base
M1,R2,2024-05-01 00:00:00,419.15,23136.66,30,621.5,67.44,base
M1,R2,2024-06-01 00:00:00,387.51,21390.0,30,605.0,64.05,base
M1,R2,2024-07-01 00:00:00,429.15,23689.1,31,638.0,67.26,base
M1,R2,2024-08-01 00:00:00,424.45,23431.2,31,632.5,67.11,base
M1,R2,2024-09-01 00:00:00,393.77,21735.5,29,588.5,66.91,base
M1,R2,2024-10-01 00:00:00,413.74,22839.34,31,638.0,64.85,base
M1,R2,2024-11-01 00:00:00,383.25,21155.11,28,572.0,67.0,base
M1,R2,2024-12-01 00:00:00,400.94,22131.66,30,610.5,65.67,base
M1,R2,2025-01-01 00:00:00,391.48,21609.48,30,621.5,62.99,base
M1,R2,2025-02-01 00:00:00,355.13,19602.45,27,550.0,64.57,base
M1,R2,2025-03-01 00:00:00,437.62,24156.38,31,627.0,69.8,base
M1,R2,2025-04-01 00:00:00,405.89,22405.23,30,616.0,65.89,base
M1,R2,2025-05-01 00:00:00,405.66,22393.39,30,616.0,65.85,base
M1,R2,2025-06-01 00:00:00,386.98,21361.31,30,610.5,63.39,base
M1,R2,2025-07-01 00:00:00,383.69,21179.84,29,599.5,64.0,base
M1,R2,2025-08-01 00:00:00,402.61,22224.85,31,627.0,64.21,base
M1,R2,2025-09-01 00:00:00,370.25,20437.57,29,594.0,62.33,base
M1,R2,2025-10-01 00:00:00,392.07,21642.59,30,616.0,63.65,base
M1,R2,2025-11-01 00:00:00,382.67,21123.92,28,572.0,66.9,base
M1,R2,2025-12-01 00:00:00,420.29,23199.81,31,638.0,65.88,base
M1,R2,2026-01-01 00:00:00,392.73,21678.16,30,616.0,63.75,base
M1,R3,2020-01-01 00:00:00,8.04,356.74,2,572.0,1.41,base
M1,R3,2020-02-01 00:00:00,6.04,268.34000000000003,2,566.5,1.07,base
M1,R3,2020-03-01 00:00:00,4.61,204.85,1,621.5,0.74,base
M1,R3,2020-04-01 00:00:00,9.2,408.22,3,594.0,1.55,base
M1,R3,2020-05-01 00:00:00,5.5600000000000005,246.92,2,627.0,0.89,base
M1,R3,2020-06-01 00:00:00,9.09,403.89,2,616.0,1.48,base
M1,R3,2020-07-01 00:00:00,3.97,176.48,1,632.5,0.63,base
M1,R3,2020-08-01 00:00:00,12.97,575.84,3,632.5,2.05,base
M1,R3,2020-09-01 00:00:00,2.37,105.42,1,572.0,0.41,base
M1,R3,2020-10-01 00:00:00,3.69,163.84,1,627.0,0.59,base
M1,R3,2020-11-01 00:00:00,14.67,651.17,4,594.0,2.47,base
M1,R3,2021-01-01 00:00:00,13.48,598.62,3,610.5,2.21,base
M1,R3,2021-02-01 00:00:00,3.62,160.78,1,550.0,0.66,base
M1,R3,2021-03-01 00:00:00,2.65,117.8,1,638.0,0.42,base
M1,R3,2021-04-01 00:00:00,8.8,390.92,3,610.5,1.44,base
M1,R3,2021-05-01 00:00:00,3.56,158.14,1,632.5,0.56,base
M1,R3,2021-06-01 00:00:00,10.54,467.83,3,594.0,1.77,base
M1,R3,2021-07-01 00:00:00,8.58,381.02,2,610.5,1.41,base
M1,R3,2021-08-01 00:00:00,13.73,609.48,4,638.0,2.15,base
M1,R3,2021-09-01 00:00:00,4.61,204.5,1,616.0,0.75,base
M1,R3,2021-10-01 00:00:00,5.02,223.04,2,583.0,0.86,base
M1,R3,2021-11-01 00:00:00,5.85,259.35,2,594.0,0.98,base
M1,R3,2022-01-01 00:00:00,11.82,524.81,3,627.0,1.89,base
M1,R3,2022-02-01 00:00:00,8.59,381.73,3,555.5,1.55,base
M1,R3,2022-03-01 00:00:00,8.42,373.93,2,638.0,1.32,base
M1,R3,2022-04-01 00:00:00,8.56,380.0,2,594.0,1.44,base
M1,R3,2022-06-01 00:00:00,8.27,367.15,2,594.0,1.39,base
M1,R3,2022-07-01 00:00:00,6.710000000000001,297.71000000000004,2,627.0,1.07,base
M1,R3,2022-08-01 00:00:00,4.54,201.66,1,638.0,0.71,base
M1,R3,2022-10-01 00:00:00,4.78,212.06,1,610.5,0.78,base
M1,R3,2022-11-01 00:00:00,5.97,265.3,2,594.0,1.01,base
M1,R3,2023-01-01 00:00:00,2.57,113.99,1,632.5,0.41,base
M1,R3,2023-02-01 00:00:00,12.07,535.64,3,572.0,2.11,base
M1,R3,2023-04-01 00:00:00,9.44,419.1,3,605.0,1.56,base
M1,R3,2023-05-01 00:00:00,10.11,448.83,3,638.0,1.58,base
M1,R3,2023-06-01 00:00:00,10.75,477.22,3,572.0,1.88,base
M1,R3,2023-07-01 00:00:00,9.75,432.94000000000005,3,605.0,1.61,base
M1,R3,2023-08-01 00:00:00,4.4,195.33,1,616.0,0.71,base
M1,R3,2023-09-01 00:00:00,2.57,113.97,1,588.5,0.44,base
M1,R3,2023-11-01 00:00:00,3.65,161.95,1,599.5,0.61,base
M1,R3,2023-12-01 00:00:00,9.760000000000002,433.32,3,610.5,1.6,base
M1,R3,2024-01-01 00:00:00,7.1,315.22,2,621.5,1.14,base
M1,R3,2024-03-01 00:00:00,12.76,565.96,4,627.0,2.04,base
M1,R3,2024-04-01 00:00:00,7.49,332.61,2,594.0,1.26,base
M1,R3,2024-10-01 00:00:00,8.18,363.23,2,638.0,1.28,base
M1,R3,2024-12-01 00:00:00,4.46,198.09,1,610.5,0.73,base
M1,R3,2025-01-01 00:00:00,15.52,688.81,4,621.5,2.5,base
M1,R3,2025-02-01 00:00:00,6.17,273.87,2,550.0,1.12,base
M1,R3,2025-03-01 00:00:00,14.21,630.73,5,627.0,2.27,base
M1,R3,2025-04-01 00:00:00,3.98,176.49,1,616.0,0.65,base
M1,R3,2025-05-01 00:00:00,3.85,171.06,1,616.0,0.62,base
M1,R3,2025-06-01 00:00:00,4.13,183.24,1,610.5,0.68,base
M1,R3,2025-07-01 00:00:00,10.86,482.0,3,599.5,1.81,base
M1,R3,2025-08-01 00:00:00,9.3,412.66,2,627.0,1.48,base
M1,R3,2025-09-01 00:00:00,15.49,687.77,4,594.0,2.61,base
M1,R3,2025-10-01 00:00:00,11.26,499.69,3,616.0,1.83,base
M1,R3,2025-12-01 00:00:00,4.54,201.36,1,638.0,0.71,base
M1,R3,2026-01-01 00:00:00,10.9,483.92,3,616.0,1.77,base
M1,R4,2020-02-01 00:00:00,0.75,37.48,1,566.5,0.13,base
M1,R4,2020-04-01 00:00:00,0.72,36.29,1,594.0,0.12,base
M1,R4,2020-05-01 00:00:00,0.67,33.5,1,627.0,0.11,base
M1,R4,2020-09-01 00:00:00,1.63,82.22,1,572.0,0.28,base
M1,R4,2020-11-01 00:00:00,0.66,33.05,1,594.0,0.11,base
M1,R4,2021-03-01 00:00:00,0.76,38.22,1,638.0,0.12,base
M1,R4,2021-04-01 00:00:00,2.33,117.09,2,610.5,0.38,base
M1,R4,2021-06-01 00:00:00,1.65,83.07,1,594.0,0.28,base
M1,R4,2021-08-01 00:00:00,2.38,119.97,2,638.0,0.37,base
M1,R4,2021-10-01 00:00:00,2.4,120.57,2,583.0,0.41,base
M1,R4,2021-11-01 00:00:00,1.69,85.06,1,594.0,0.28,base
M1,R4,2022-01-01 00:00:00,0.69,34.87,1,627.0,0.11,base
M1,R4,2022-02-01 00:00:00,2.48,124.95,2,555.5,0.45,base
M1,R4,2022-07-01 00:00:00,1.83,91.94,1,627.0,0.29,base
M1,R4,2022-11-01 00:00:00,1.67,84.09,1,594.0,0.28,base
M1,R4,2023-01-01 00:00:00,0.67,33.86,1,632.5,0.11,base
M1,R4,2023-05-01 00:00:00,0.75,37.5,1,638.0,0.12,base
M1,R4,2023-06-01 00:00:00,1.81,91.03,1,572.0,0.32,base
M1,R4,2023-07-01 00:00:00,1.6,80.71,1,605.0,0.26,base
M1,R4,2023-09-01 00:00:00,0.7,35.01,1,588.5,0.12,base
M1,R4,2023-12-01 00:00:00,2.3,115.45,2,610.5,0.38,base
M1,R4,2024-03-01 00:00:00,1.65,82.75,1,627.0,0.26,base
M1,R4,2025-01-01 00:00:00,0.73,36.59,1,621.5,0.12,base
M1,R4,2025-02-01 00:00:00,1.64,82.73,1,550.0,0.3,base
M1,R4,2025-03-01 00:00:00,2.41,121.1,2,627.0,0.38,base
M1,R4,2025-07-01 00:00:00,0.75,37.56,1,599.5,0.13,base
M1,R4,2026-01-01 00:00:00,0.81,40.73,1,616.0,0.13,base
M2,R1,2020-01-01 00:00:00,91.18,3803.56,29,610.5,14.94,base
M2,R1,2020-02-01 00:00:00,87.19,3635.89,27,588.5,14.82,base
M2,R1,2020-03-01 00:00:00,95.85,3996.5,30,616.0,15.56,base
M2,R1,2020-04-01 00:00:00,93.88,3915.6,28,616.0,15.24,base
M2,R1,2020-05-01 00:00:00,99.79,4161.14,30,627.0,15.92,base
M2,R1,2020-06-01 00:00:00,82.25,3430.03,28,572.0,14.38,base
M2,R1,2020-07-01 00:00:00,71.41,2978.26,30,632.5,11.29,base
M2,R1,2020-08-01 00:00:00,80.06,3338.82,28,588.5,13.6,base
M2,R1,2020-09-01 00:00:00,91.04,3795.71,29,599.5,15.19,base
M2,R1,2020-10-01 00:00:00,88.32000000000001,3683.37,30,627.0,14.09,base
M2,R1,2020-11-01 00:00:00,76.64,3195.98,26,594.0,12.9,base
M2,R1,2020-12-01 00:00:00,95.08,3965.99,30,638.0,14.9,base
M2,R1,2021-01-01 00:00:00,81.56,3401.25,28,561.0,14.54,base
M2,R1,2021-02-01 00:00:00,84.21000000000001,3512.09,27,572.0,14.72,base
M2,R1,2021-03-01 00:00:00,91.44,3813.29,30,638.0,14.33,base
M2,R1,2021-04-01 00:00:00,87.91,3665.84,27,594.0,14.8,base
M2,R1,2021-05-01 00:00:00,97.92,4082.67,31,632.5,15.48,base
M2,R1,2021-06-01 00:00:00,85.34,3559.13,27,577.5,14.78,base
M2,R1,2021-07-01 00:00:00,69.27,2888.78,29,605.0,11.45,base
M2,R1,2021-08-01 00:00:00,84.72,3534.28,27,577.5,14.67,base
M2,R1,2021-09-01 00:00:00,95.12,3966.71,29,594.0,16.01,base
M2,R1,2021-10-01 00:00:00,86.54,3608.09,29,610.5,14.18,base
M2,R1,2021-11-01 00:00:00,85.28999999999999,3556.95,28,599.5,14.23,base
M2,R1,2021-12-01 00:00:00,90.18,3759.72,31,632.5,14.26,base
M2,R1,2022-01-01 00:00:00,76.69,3197.94,28,583.0,13.15,base
M2,R1,2022-02-01 00:00:00,78.46,3271.7,25,555.5,14.12,base
M2,R1,2022-03-01 00:00:00,83.87,3497.89,29,616.0,13.62,base
M2,R1,2022-04-01 00:00:00,92.12,3840.71,28,588.5,15.65,base
M2,R1,2022-05-01 00:00:00,90.87,3789.54,31,632.5,14.37,base
M2,R1,2022-06-01 00:00:00,88.33,3682.65,28,594.0,14.87,base
M2,R1,2022-07-01 00:00:00,66.93,2790.94,29,588.5,11.37,base
M2,R1,2022-08-01 00:00:00,94.68,3948.74,30,616.0,15.37,base
M2,R1,2022-09-01 00:00:00,86.67,3614.95,30,616.0,14.07,base
M2,R1,2022-10-01 00:00:00,86.0,3585.83,30,605.0,14.21,base
M2,R1,2022-11-01 00:00:00,85.31,3558.09,28,599.5,14.23,base
M2,R1,2022-12-01 00:00:00,96.18,4011.47,31,632.5,15.21,base
M2,R1,2023-01-01 00:00:00,89.34,3726.16,30,632.5,14.12,base
M2,R1,2023-02-01 00:00:00,75.79,3161.37,25,550.0,13.78,base
M2,R1,2023-03-01 00:00:00,97.36,4059.24,31,638.0,15.26,base
M2,R1,2023-04-01 00:00:00,95.05,3963.65,29,605.0,15.71,base
M2,R1,2023-05-01 00:00:00,91.69,3824.07,28,638.0,14.37,base
M2,R1,2023-06-01 00:00:00,69.58,2901.61,27,577.5,12.05,base
M2,R1,2023-07-01 00:00:00,77.11,3215.85,28,610.5,12.63,base
M2,R1,2023-08-01 00:00:00,92.99,3878.06,30,616.0,15.1,base
M2,R1,2023-09-01 00:00:00,90.8,3785.27,29,610.5,14.87,base
M2,R1,2023-10-01 00:00:00,91.76,3826.52,31,632.5,14.51,base
M2,R1,2023-11-01 00:00:00,88.8,3701.43,29,616.0,14.42,base
M2,R1,2023-12-01 00:00:00,83.98,3502.4,28,588.5,14.27,base
M2,R1,2024-01-01 00:00:00,87.77,3660.07,29,638.0,13.76,base
M2,R1,2024-02-01 00:00:00,84.4,3517.87,29,594.0,14.21,base
M2,R1,2024-03-01 00:00:00,97.2,4053.78,29,588.5,16.52,base
M2,R1,2024-04-01 00:00:00,81.62,3403.69,28,616.0,13.25,base
M2,R1,2024-05-01 00:00:00,100.03,4171.02,31,638.0,15.68,base
M2,R1,2024-06-01 00:00:00,68.33,2848.25,30,605.0,11.29,base
M2,R1,2024-07-01 00:00:00,92.1,3841.04,31,638.0,14.44,base
M2,R1,2024-08-01 00:00:00,93.84,3912.75,31,632.5,14.84,base
M2,R1,2024-09-01 00:00:00,93.86,3913.44,30,610.5,15.37,base
M2,R1,2024-10-01 00:00:00,90.35,3767.51,29,616.0,14.67,base
M2,R1,2024-11-01 00:00:00,90.15,3758.8,30,610.5,14.77,base
M2,R1,2024-12-01 00:00:00,95.26,3973.96,30,610.5,15.6,base
M2,R1,2025-01-01 00:00:00,84.49,3522.07,27,594.0,14.22,base
M2,R1,2025-02-01 00:00:00,80.28,3348.31,26,555.5,14.45,base
M2,R1,2025-03-01 00:00:00,95.86,3997.41,28,610.5,15.7,base
M2,R1,2025-04-01 00:00:00,84.09,3505.14,29,616.0,13.65,base
M2,R1,2025-05-01 00:00:00,86.45,3605.24,29,616.0,14.03,base
M2,R1,2025-06-01 00:00:00,67.91,2831.94,29,610.5,11.12,base
M2,R1,2025-07-01 00:00:00,85.47,3563.24,28,616.0,13.87,base
M2,R1,2025-08-01 00:00:00,81.67,3405.58,29,583.0,14.01,base
M2,R1,2025-09-01 00:00:00,78.77,3283.8,26,594.0,13.26,base
M2,R1,2025-10-01 00:00:00,85.26,3555.32,28,638.0,13.36,base
M2,R1,2025-11-01 00:00:00,92.58,3860.94,30,605.0,15.3,base
M2,R1,2025-12-01 00:00:00,95.95,4001.61,30,616.0,15.58,base
M2,R1,2026-01-01 00:00:00,86.07,3589.17,28,610.5,14.1,base
M2,R2,2020-01-01 00:00:00,18.91,887.1700000000001,3,610.5,3.1,base
M2,R2,2020-02-01 00:00:00,7.51,352.15,1,588.5,1.28,base
M2,R2,2020-03-01 00:00:00,3.86,180.99,1,616.0,0.63,base
M2,R2,2020-04-01 00:00:00,8.23,385.88,1,616.0,1.34,base
M2,R2,2020-09-01 00:00:00,15.2,713.03,2,599.5,2.54,base
M2,R2,2020-11-01 00:00:00,7.61,356.69,1,594.0,1.28,base
M2,R2,2020-12-01 00:00:00,3.82,179.33,1,638.0,0.6,base
M2,R2,2021-01-01 00:00:00,3.84,180.28,1,561.0,0.68,base
M2,R2,2021-02-01 00:00:00,7.6,356.23,1,572.0,1.33,base
M2,R2,2021-06-01 00:00:00,7.59,355.74,1,577.5,1.31,base
M2,R2,2021-07-01 00:00:00,3.76,176.16,1,605.0,0.62,base
M2,R2,2021-10-01 00:00:00,8.19,383.75,2,610.5,1.34,base
M2,R2,2021-11-01 00:00:00,7.56,354.67,1,599.5,1.26,base
M2,R2,2022-02-01 00:00:00,3.88,182.07,1,555.5,0.7,base
M2,R2,2022-04-01 00:00:00,4.26,200.02,1,588.5,0.72,base
M2,R2,2022-06-01 00:00:00,7.43,348.46,1,594.0,1.25,base
M2,R2,2022-10-01 00:00:00,3.86,181.1,1,605.0,0.64,base
M2,R2,2022-11-01 00:00:00,7.62,357.48,1,599.5,1.27,base
M2,R2,2022-12-01 00:00:00,22.62,1060.75,3,632.5,3.58,base
M2,R2,2023-03-01 00:00:00,12.13,569.25,2,638.0,1.9,base
M2,R2,2023-06-01 00:00:00,14.64,686.36,2,577.5,2.54,base
M2,R2,2023-07-01 00:00:00,0.56,26.19,1,610.5,0.09,base
M2,R2,2023-08-01 00:00:00,7.59,355.82,1,616.0,1.23,base
M2,R2,2023-09-01 00:00:00,7.53,353.07,1,610.5,1.23,base
M2,R2,2023-10-01 00:00:00,19.08,894.59,3,632.5,3.02,base
M2,R2,2023-11-01 00:00:00,3.88,181.77,1,616.0,0.63,base
M2,R2,2023-12-01 00:00:00,3.96,185.78,1,588.5,0.67,base
M2,R2,2024-01-01 00:00:00,3.9,182.88,1,638.0,0.61,base
M2,R2,2024-04-01 00:00:00,8.21,385.27,1,616.0,1.33,base
M2,R2,2024-05-01 00:00:00,3.9,183.11,1,638.0,0.61,base
M2,R2,2024-09-01 00:00:00,7.57,355.27,1,610.5,1.24,base
M2,R2,2024-11-01 00:00:00,11.4,534.6700000000001,2,610.5,1.87,base
M2,R2,2024-12-01 00:00:00,7.56,354.43,1,610.5,1.24,base
M2,R2,2025-01-01 00:00:00,3.84,180.21,1,594.0,0.65,base
M2,R2,2025-02-01 00:00:00,7.51,352.25,1,555.5,1.35,base
M2,R2,2025-07-01 00:00:00,11.44,536.53,2,616.0,1.86,base
M2,R2,2025-09-01 00:00:00,7.53,353.36,1,594.0,1.27,base
M2,R2,2025-10-01 00:00:00,7.68,360.09,1,638.0,1.2,base
M2,R2,2025-11-01 00:00:00,7.74,363.04,2,605.0,1.28,base
M2,R2,2026-01-01 00:00:00,3.89,182.41,1,610.5,0.64,base
M2,R3,2020-01-01 00:00:00,223.8,8973.95,30,610.5,36.66,base
M2,R3,2020-02-01 00:00:00,214.62,8607.24,28,588.5,36.47,base
M2,R3,2020-03-01 00:00:00,243.41,9760.26,30,616.0,39.51,base
M2,R3,2020-04-01 00:00:00,226.93,9099.42,29,616.0,36.84,base
M2,R3,2020-05-01 00:00:00,240.17,9630.33,30,627.0,38.3,base
M2,R3,2020-06-01 00:00:00,227.32,9115.2,28,572.0,39.74,base
M2,R3,2020-07-01 00:00:00,244.24,9793.48,31,632.5,38.62,base
M2,R3,2020-08-01 00:00:00,227.3,9114.64,29,588.5,38.62,base
M2,R3,2020-09-01 00:00:00,232.13,9307.07,29,599.5,38.72,base
M2,R3,2020-10-01 00:00:00,240.74,9653.24,31,627.0,38.4,base
M2,R3,2020-11-01 00:00:00,214.11,8586.31,28,594.0,36.05,base
M2,R3,2020-12-01 00:00:00,248.34,9958.33,30,638.0,38.92,base
M2,R3,2021-01-01 00:00:00,216.8,8693.47,28,561.0,38.65,base
M2,R3,2021-02-01 00:00:00,215.6,8645.14,28,572.0,37.69,base
M2,R3,2021-03-01 00:00:00,249.06,9987.35,30,638.0,39.04,base
M2,R3,2021-04-01 00:00:00,224.22,8992.36,28,594.0,37.75,base
M2,R3,2021-05-01 00:00:00,251.88,10099.84,31,632.5,39.82,base
M2,R3,2021-06-01 00:00:00,218.92,8779.19,28,577.5,37.91,base
M2,R3,2021-07-01 00:00:00,227.4,9119.31,30,605.0,37.59,base
M2,R3,2021-08-01 00:00:00,224.04,8984.62,27,577.5,38.79,base
M2,R3,2021-09-01 00:00:00,238.29,9556.13,29,594.0,40.12,base
M2,R3,2021-10-01 00:00:00,225.12,9027.31,29,610.5,36.87,base
M2,R3,2021-11-01 00:00:00,229.32,9194.94,29,599.5,38.25,base
M2,R3,2021-12-01 00:00:00,252.45,10123.4,31,632.5,39.91,base
M2,R3,2022-01-01 00:00:00,227.72,9130.98,28,583.0,39.06,base
M2,R3,2022-02-01 00:00:00,206.05,8262.1,26,555.5,37.09,base
M2,R3,2022-03-01 00:00:00,239.06,9585.7,30,616.0,38.81,base
M2,R3,2022-04-01 00:00:00,222.58,8924.75,29,588.5,37.82,base
M2,R3,2022-05-01 00:00:00,252.63,10129.63,31,632.5,39.94,base
M2,R3,2022-06-01 00:00:00,225.83,9056.51,29,594.0,38.02,base
M2,R3,2022-07-01 00:00:00,236.71,9492.49,29,588.5,40.22,base
M2,R3,2022-08-01 00:00:00,246.16,9870.49,30,616.0,39.96,base
M2,R3,2022-09-01 00:00:00,248.58,9967.76,30,616.0,40.35,base
M2,R3,2022-10-01 00:00:00,236.79,9493.46,30,605.0,39.14,base
M2,R3,2022-11-01 00:00:00,228.99,9182.19,29,599.5,38.2,base
M2,R3,2022-12-01 00:00:00,240.0,9624.28,31,632.5,37.94,base
M2,R3,2023-01-01 00:00:00,248.89,9979.84,30,632.5,39.35,base
M2,R3,2023-02-01 00:00:00,202.75,8130.67,27,550.0,36.86,base
M2,R3,2023-03-01 00:00:00,247.88,9939.24,31,638.0,38.85,base
M2,R3,2023-04-01 00:00:00,223.3,8954.58,30,605.0,36.91,base
M2,R3,2023-05-01 00:00:00,234.87,9418.83,30,638.0,36.81,base
M2,R3,2023-06-01 00:00:00,214.84,8615.77,28,577.5,37.2,base
M2,R3,2023-07-01 00:00:00,218.76,8772.06,30,610.5,35.83,base
M2,R3,2023-08-01 00:00:00,243.76,9774.31,30,616.0,39.57,base
M2,R3,2023-09-01 00:00:00,232.71,9331.46,29,610.5,38.12,base
M2,R3,2023-10-01 00:00:00,242.9,9739.48,31,632.5,38.4,base
M2,R3,2023-11-01 00:00:00,234.83,9416.9,30,616.0,38.12,base
M2,R3,2023-12-01 00:00:00,223.93,8978.65,28,588.5,38.05,base
M2,R3,2024-01-01 00:00:00,237.81,9535.86,31,638.0,37.27,base
M2,R3,2024-02-01 00:00:00,239.4,9599.56,29,594.0,40.3,base
M2,R3,2024-03-01 00:00:00,226.27,9072.67,29,588.5,38.45,base
M2,R3,2024-04-01 00:00:00,228.29,9154.31,30,616.0,37.06,base
M2,R3,2024-05-01 00:00:00,251.69,10093.49,31,638.0,39.45,base
M2,R3,2024-06-01 00:00:00,241.11,9668.5,30,605.0,39.85,base
M2,R3,2024-07-01 00:00:00,255.89,10261.29,31,638.0,40.11,base
M2,R3,2024-08-01 00:00:00,250.47,10043.08,31,632.5,39.6,base
M2,R3,2024-09-01 00:00:00,236.44,9480.75,30,610.5,38.73,base
M2,R3,2024-10-01 00:00:00,239.6,9607.31,30,616.0,38.9,base
M2,R3,2024-11-01 00:00:00,235.39,9439.82,30,610.5,38.56,base
M2,R3,2024-12-01 00:00:00,237.44,9522.52,30,610.5,38.89,base
M2,R3,2025-01-01 00:00:00,220.59,8846.01,28,594.0,37.14,base
M2,R3,2025-02-01 00:00:00,211.0,8461.41,27,555.5,37.98,base
M2,R3,2025-03-01 00:00:00,226.15,9068.22,29,610.5,37.04,base
M2,R3,2025-04-01 00:00:00,240.38,9640.32,30,616.0,39.02,base
M2,R3,2025-05-01 00:00:00,240.33,9637.43,30,616.0,39.01,base
M2,R3,2025-06-01 00:00:00,234.59,9407.03,30,610.5,38.43,base
M2,R3,2025-07-01 00:00:00,226.13,9066.79,29,616.0,36.71,base
M2,R3,2025-08-01 00:00:00,231.21,9272.18,29,583.0,39.66,base
M2,R3,2025-09-01 00:00:00,207.81,8333.72,29,594.0,34.98,base
M2,R3,2025-10-01 00:00:00,228.34,9155.92,31,638.0,35.79,base
M2,R3,2025-11-01 00:00:00,233.67,9369.36,30,605.0,38.62,base
M2,R3,2025-12-01 00:00:00,248.51,9966.07,30,616.0,40.34,base
M2,R3,2026-01-01 00:00:00,228.54,9164.14,29,610.5,37.43,base
M2,R4,2020-01-01 00:00:00,152.13,6861.0,28,610.5,24.92,base
M2,R4,2020-02-01 00:00:00,149.5,6742.91,28,588.5,25.4,base
M2,R4,2020-03-01 00:00:00,167.16,7539.05,30,616.0,27.14,base
M2,R4,2020-04-01 00:00:00,155.38,7007.39,29,616.0,25.22,base
M2,R4,2020-05-01 00:00:00,164.86,7434.87,31,627.0,26.29,base
M2,R4,2020-06-01 00:00:00,163.47,7372.01,28,572.0,28.58,base
M2,R4,2020-07-01 00:00:00,192.94,8701.59,31,632.5,30.5,base
M2,R4,2020-08-01 00:00:00,163.23,7361.62,29,588.5,27.74,base
M2,R4,2020-09-01 00:00:00,158.51,7148.15,27,599.5,26.44,base
M2,R4,2020-10-01 00:00:00,171.84,7750.03,31,627.0,27.41,base
M2,R4,2020-11-01 00:00:00,153.42,6917.9800000000005,28,594.0,25.83,base
M2,R4,2020-12-01 00:00:00,170.35,7682.5,30,638.0,26.7,base
M2,R4,2021-01-01 00:00:00,155.36,7007.99,28,561.0,27.69,base
M2,R4,2021-02-01 00:00:00,150.22,6774.07,27,572.0,26.26,base
M2,R4,2021-03-01 00:00:00,179.24,8084.46,31,638.0,28.09,base
M2,R4,2021-04-01 00:00:00,155.68,7021.82,29,594.0,26.21,base
M2,R4,2021-05-01 00:00:00,173.81,7838.02,31,632.5,27.48,base
M2,R4,2021-06-01 00:00:00,153.05,6902.84,27,577.5,26.5,base
M2,R4,2021-07-01 00:00:00,180.82,8155.6,30,605.0,29.89,base
M2,R4,2021-08-01 00:00:00,161.23,7270.99,28,577.5,27.92,base
M2,R4,2021-09-01 00:00:00,158.63,7154.16,29,594.0,26.71,base
M2,R4,2021-10-01 00:00:00,154.6,6972.61,29,610.5,25.32,base
M2,R4,2021-11-01 00:00:00,161.86,7299.91,28,599.5,27.0,base
M2,R4,2021-12-01 00:00:00,180.12,8123.69,31,632.5,28.48,base
M2,R4,2022-01-01 00:00:00,162.61,7333.29,29,583.0,27.89,base
M2,R4,2022-02-01 00:00:00,147.46,6650.17,27,555.5,26.55,base
M2,R4,2022-03-01 00:00:00,173.98,7846.28,30,616.0,28.24,base
M2,R4,2022-04-01 00:00:00,151.58,6837.53,29,588.5,25.76,base
M2,R4,2022-05-01 00:00:00,179.38,8089.71,31,632.5,28.36,base
M2,R4,2022-06-01 00:00:00,154.9,6986.38,28,594.0,26.08,base
M2,R4,2022-07-01 00:00:00,181.12,8167.1,29,588.5,30.78,base
M2,R4,2022-08-01 00:00:00,170.24,7677.8,30,616.0,27.64,base
M2,R4,2022-09-01 00:00:00,175.77,7927.91,30,616.0,28.53,base
M2,R4,2022-10-01 00:00:00,168.78,7611.71,30,605.0,27.9,base
M2,R4,2022-11-01 00:00:00,161.76,7294.71,28,599.5,26.98,base
M2,R4,2022-12-01 00:00:00,159.62,7198.67,28,632.5,25.24,base
M2,R4,2023-01-01 00:00:00,174.11,7852.95,31,632.5,27.53,base
M2,R4,2023-02-01 00:00:00,147.08,6633.8,27,550.0,26.74,base
M2,R4,2023-03-01 00:00:00,170.7,7698.11,30,638.0,26.76,base
M2,R4,2023-04-01 00:00:00,162.77,7339.37,30,605.0,26.9,base
M2,R4,2023-05-01 00:00:00,164.49,7419.03,31,638.0,25.78,base
M2,R4,2023-06-01 00:00:00,163.91,7391.87,26,577.5,28.38,base
M2,R4,2023-07-01 00:00:00,161.27,7273.47,30,610.5,26.42,base
M2,R4,2023-08-01 00:00:00,165.27,7453.2,29,616.0,26.83,base
M2,R4,2023-09-01 00:00:00,161.01,7261.55,29,610.5,26.37,base
M2,R4,2023-10-01 00:00:00,165.37,7457.76,29,632.5,26.15,base
M2,R4,2023-11-01 00:00:00,168.39,7594.21,30,616.0,27.34,base
M2,R4,2023-12-01 00:00:00,161.35,7277.76,29,588.5,27.42,base
M2,R4,2024-01-01 00:00:00,171.21,7721.25,31,638.0,26.84,base
M2,R4,2024-02-01 00:00:00,168.56,7600.62,29,594.0,28.38,base
M2,R4,2024-03-01 00:00:00,159.82999999999998,7208.54,29,588.5,27.16,base
M2,R4,2024-04-01 00:00:00,163.63,7380.34,29,616.0,26.56,base
M2,R4,2024-05-01 00:00:00,173.6,7829.139999999999,31,638.0,27.21,base
M2,R4,2024-06-01 00:00:00,186.86,8427.28,30,605.0,30.89,base
M2,R4,2024-07-01 00:00:00,182.03,8210.75,31,638.0,28.53,base
M2,R4,2024-08-01 00:00:00,178.31,8041.76,31,632.5,28.19,base
M2,R4,2024-09-01 00:00:00,164.57,7422.26,29,610.5,26.96,base
M2,R4,2024-10-01 00:00:00,167.09,7536.05,30,616.0,27.12,base
M2,R4,2024-11-01 00:00:00,164.54,7420.41,29,610.5,26.95,base
M2,R4,2024-12-01 00:00:00,162.08,7310.1,29,610.5,26.55,base
M2,R4,2025-01-01 00:00:00,157.47,7101.04,29,594.0,26.51,base
M2,R4,2025-02-01 00:00:00,147.12,6635.15,26,555.5,26.48,base
M2,R4,2025-03-01 00:00:00,156.12,7041.1,30,610.5,25.57,base
M2,R4,2025-04-01 00:00:00,172.58,7783.54,30,616.0,28.02,base
M2,R4,2025-05-01 00:00:00,170.13,7673.09,30,616.0,27.62,base
M2,R4,2025-06-01 00:00:00,186.74,8422.23,30,610.5,30.59,base
M2,R4,2025-07-01 00:00:00,160.98,7260.71,29,616.0,26.13,base
M2,R4,2025-08-01 00:00:00,164.38,7413.35,29,583.0,28.2,base
M2,R4,2025-09-01 00:00:00,154.13,6951.52,28,594.0,25.95,base
M2,R4,2025-10-01 00:00:00,164.79,7431.17,30,638.0,25.83,base
M2,R4,2025-11-01 00:00:00,160.66,7246.56,30,605.0,26.56,base
M2,R4,2025-12-01 00:00:00,166.41,7505.07,30,616.0,27.01,base
M2,R4,2026-01-01 00:00:00,159.56,7196.4800000000005,30,610.5,26.14,base
M2,R5,2020-01-01 00:00:00,0.79,31.24,1,610.5,0.13,base
M2,R5,2020-02-01 00:00:00,1.29,51.15,2,588.5,0.22,base
M2,R5,2020-04-01 00:00:00,1.28,50.78,2,616.0,0.21,base
M2,R5,2020-05-01 00:00:00,0.38,15.07,1,627.0,0.06,base
M2,R5,2020-07-01 00:00:00,0.83,32.88,1,632.5,0.13,base
M2,R5,2020-08-01 00:00:00,0.86,34.04,1,588.5,0.15,base
M2,R5,2020-10-01 00:00:00,0.83,33.04,1,627.0,0.13,base
M2,R5,2020-11-01 00:00:00,2.08,82.44,3,594.0,0.35,base
M2,R5,2021-02-01 00:00:00,0.84,33.31,1,572.0,0.15,base
M2,R5,2021-03-01 00:00:00,0.45,18.01,1,638.0,0.07,base
M2,R5,2021-04-01 00:00:00,1.25,49.46,2,594.0,0.21,base
M2,R5,2021-06-01 00:00:00,0.79,31.5,1,577.5,0.14,base
M2,R5,2021-07-01 00:00:00,0.82,32.54,1,605.0,0.14,base
M2,R5,2021-08-01 00:00:00,0.43,16.94,1,577.5,0.07,base
M2,R5,2021-10-01 00:00:00,0.44,17.63,1,610.5,0.07,base
M2,R5,2021-11-01 00:00:00,0.8,31.68,1,599.5,0.13,base
M2,R5,2022-01-01 00:00:00,0.45,17.71,1,583.0,0.08,base
M2,R5,2022-02-01 00:00:00,1.27,50.5,2,555.5,0.23,base
M2,R5,2022-03-01 00:00:00,0.81,32.34,1,616.0,0.13,base
M2,R5,2022-04-01 00:00:00,0.84,33.4,1,588.5,0.14,base
M2,R5,2022-06-01 00:00:00,0.82,32.42,1,594.0,0.14,base
M2,R5,2022-11-01 00:00:00,0.85,33.62,1,599.5,0.14,base
M2,R5,2023-01-01 00:00:00,0.43,17.19,1,632.5,0.07,base
M2,R5,2023-02-01 00:00:00,1.69,66.86,2,550.0,0.31,base
M2,R5,2023-04-01 00:00:00,0.74,29.3,1,605.0,0.12,base
M2,R5,2023-05-01 00:00:00,2.03,80.62,3,638.0,0.32,base
M2,R5,2023-06-01 00:00:00,0.78,31.09,1,577.5,0.14,base
M2,R5,2023-07-01 00:00:00,1.75,69.35,2,610.5,0.29,base
M2,R5,2023-09-01 00:00:00,0.45,17.71,1,610.5,0.07,base
M2,R5,2023-11-01 00:00:00,0.83,32.91,1,616.0,0.13,base
M2,R5,2023-12-01 00:00:00,0.43,17.0,1,588.5,0.07,base
M2,R5,2024-01-01 00:00:00,1.7000000000000002,67.50999999999999,2,638.0,0.27,base
M2,R5,2024-04-01 00:00:00,1.64,65.25,2,616.0,0.27,base
M2,R5,2024-10-01 00:00:00,0.76,30.08,1,616.0,0.12,base
M2,R5,2025-01-01 00:00:00,1.22,48.51,2,594.0,0.21,base
M2,R5,2025-02-01 00:00:00,0.82,32.58,1,555.5,0.15,base
M2,R5,2025-03-01 00:00:00,1.17,46.3,2,610.5,0.19,base
M2,R5,2025-04-01 00:00:00,0.84,33.21,1,616.0,0.14,base
M2,R5,2025-05-01 00:00:00,0.83,33.01,1,616.0,0.13,base
M2,R5,2025-06-01 00:00:00,0.86,34.03,1,610.5,0.14,base
M2,R5,2025-07-01 00:00:00,1.33,52.87,2,616.0,0.22,base
M2,R5,2025-09-01 00:00:00,2.44,96.74,3,594.0,0.41,base
M2,R5,2025-10-01 00:00:00,2.49,98.86,3,638.0,0.39,base
M2,R5,2026-01-01 00:00:00,1.33,52.84,2,610.5,0.22,base
M3,R1,2020-01-01 00:00:00,43.7,952.4,17,555.0,7.87,base
M3,R1,2020-02-01 00:00:00,41.41,902.7,16,500.0,8.28,base
M3,R1,2020-03-01 00:00:00,51.59,1124.77,20,580.0,8.89,base
M3,R1,2020-04-01 00:00:00,46.9,1022.4,18,525.0,8.93,base
M3,R1,2020-05-01 00:00:00,48.53,1057.55,18,555.0,8.74,base
M3,R1,2020-06-01 00:00:00,51.22,1116.96,20,560.0,9.15,base
M3,R1,2020-07-01 00:00:00,54.55,1189.06,21,555.0,9.83,base
M3,R1,2020-08-01 00:00:00,48.9,1066.36,19,555.0,8.81,base
M3,R1,2020-09-01 00:00:00,51.65,1126.57,20,560.0,9.22,base
M3,R1,2020-10-01 00:00:00,48.62,1060.05,19,550.0,8.84,base
M3,R1,2020-11-01 00:00:00,46.28,1008.94,18,505.0,9.16,base
M3,R1,2020-12-01 00:00:00,53.95,1176.61,21,565.0,9.55,base
M3,R1,2021-01-01 00:00:00,46.61,1016.23,18,570.0,8.18,base
M3,R1,2021-02-01 00:00:00,43.69,952.8,17,500.0,8.74,base
M3,R1,2021-03-01 00:00:00,59.44,1295.86,23,565.0,10.52,base
M3,R1,2021-04-01 00:00:00,46.66,1017.59,17,520.0,8.97,base
M3,R1,2021-05-01 00:00:00,52.68,1148.16,20,575.0,9.16,base
M3,R1,2021-06-01 00:00:00,46.47,1013.17,18,540.0,8.61,base
M3,R1,2021-07-01 00:00:00,48.72,1061.88,19,550.0,8.86,base
M3,R1,2021-08-01 00:00:00,51.44,1121.77,20,565.0,9.1,base
M3,R1,2021-09-01 00:00:00,44.22,964.15,17,560.0,7.9,base
M3,R1,2021-10-01 00:00:00,46.52,1014.52,18,535.0,8.7,base
M3,R1,2021-11-01 00:00:00,51.08,1113.38,20,540.0,9.46,base
M3,R1,2021-12-01 00:00:00,57.1,1245.02,22,575.0,9.93,base
M3,R1,2022-01-01 00:00:00,49.19,1071.76,19,555.0,8.86,base
M3,R1,2022-02-01 00:00:00,46.32,1009.59,18,485.0,9.55,base
M3,R1,2022-03-01 00:00:00,54.46,1187.1,21,560.0,9.72,base
M3,R1,2022-04-01 00:00:00,41.7,908.76,15,535.0,7.79,base
M3,R1,2022-05-01 00:00:00,56.7,1236.11,22,575.0,9.86,base
M3,R1,2022-06-01 00:00:00,43.83,956.03,17,540.0,8.12,base
M3,R1,2022-07-01 00:00:00,50.99,1111.34,20,570.0,8.95,base
M3,R1,2022-08-01 00:00:00,51.79,1128.88,20,580.0,8.93,base
M3,R1,2022-09-01 00:00:00,56.63,1234.59,22,560.0,10.11,base
M3,R1,2022-10-01 00:00:00,51.55,1124.14,20,570.0,9.04,base
M3,R1,2022-11-01 00:00:00,51.57,1124.35,20,540.0,9.55,base
M3,R1,2022-12-01 00:00:00,48.85,1064.47,19,575.0,8.5,base
M3,R1,2023-01-01 00:00:00,54.58,1189.78,21,560.0,9.75,base
M3,R1,2023-02-01 00:00:00,41.61,907.12,16,480.0,8.67,base
M3,R1,2023-03-01 00:00:00,55.61,1212.05,21,580.0,9.59,base
M3,R1,2023-04-01 00:00:00,45.96,1002.34,17,530.0,8.67,base
M3,R1,2023-05-01 00:00:00,46.5,1013.32,18,525.0,8.86,base
M3,R1,2023-06-01 00:00:00,46.64,1016.92,18,540.0,8.64,base
M3,R1,2023-07-01 00:00:00,46.48,1013.05,18,510.0,9.11,base
M3,R1,2023-08-01 00:00:00,51.76,1128.58,20,580.0,8.92,base
M3,R1,2023-09-01 00:00:00,49.02,1068.01,19,540.0,9.08,base
M3,R1,2023-10-01 00:00:00,51.88,1131.15,20,575.0,9.02,base
M3,R1,2023-11-01 00:00:00,51.6,1124.7,20,540.0,9.56,base
M3,R1,2023-12-01 00:00:00,51.9,1131.24,20,555.0,9.35,base
M3,R1,2024-01-01 00:00:00,51.45,1121.61,20,540.0,9.53,base
M3,R1,2024-02-01 00:00:00,54.11,1179.51,21,540.0,10.02,base
M3,R1,2024-03-01 00:00:00,46.26,1008.44,17,570.0,8.12,base
M3,R1,2024-04-01 00:00:00,50.17,1093.03,19,520.0,9.65,base
M3,R1,2024-05-01 00:00:00,54.32,1183.87,21,580.0,9.37,base
M3,R1,2024-06-01 00:00:00,51.42,1121.29,20,550.0,9.35,base
M3,R1,2024-07-01 00:00:00,59.06,1287.73,23,580.0,10.18,base
M3,R1,2024-08-01 00:00:00,54.2,1181.6,21,575.0,9.43,base
M3,R1,2024-09-01 00:00:00,48.84,1064.92,19,555.0,8.8,base
M3,R1,2024-10-01 00:00:00,48.92,1066.45,19,560.0,8.74,base
M3,R1,2024-11-01 00:00:00,51.53,1123.0,20,555.0,9.28,base
M3,R1,2024-12-01 00:00:00,46.39,1011.73,18,575.0,8.07,base
M3,R1,2025-01-01 00:00:00,49.0,1068.09,19,545.0,8.99,base
M3,R1,2025-02-01 00:00:00,43.6,950.03,17,500.0,8.72,base
M3,R1,2025-03-01 00:00:00,46.59,1015.6,17,535.0,8.71,base
M3,R1,2025-04-01 00:00:00,54.07,1178.81,21,540.0,10.01,base
M3,R1,2025-05-01 00:00:00,52.02,1134.16,20,555.0,9.37,base
M3,R1,2025-06-01 00:00:00,51.39,1119.56,20,535.0,9.61,base
M3,R1,2025-07-01 00:00:00,51.64,1125.4,20,545.0,9.48,base
M3,R1,2025-08-01 00:00:00,48.49,1056.85,19,570.0,8.51,base
M3,R1,2025-09-01 00:00:00,43.85,956.46,17,500.0,8.77,base
M3,R1,2025-10-01 00:00:00,46.58,1015.9,18,520.0,8.96,base
M3,R1,2025-11-01 00:00:00,46.55,1014.53,18,550.0,8.46,base
M3,R1,2025-12-01 00:00:00,49.29,1074.46,19,580.0,8.5,base
M3,R1,2026-01-01 00:00:00,46.53,1014.59,18,540.0,8.62,base
M3,R3,2021-05-01 00:00:00,0.27,5.71,1,575.0,0.05,base
M3,R3,2023-04-01 00:00:00,4.79,100.98,1,530.0,0.9,base
M3,R3,2024-03-01 00:00:00,4.78,100.95,1,570.0,0.84,base
M3,R4,2020-01-01 00:00:00,11.94,277.23,4,555.0,2.15,base
M3,R4,2020-02-01 00:00:00,8.28,192.0,3,500.0,1.66,base
M3,R4,2020-03-01 00:00:00,8.48,196.73,3,580.0,1.46,base
M3,R4,2020-04-01 00:00:00,10.55,244.58,3,525.0,2.01,base
M3,R4,2020-05-01 00:00:00,10.25,237.85,3,555.0,1.85,base
M3,R4,2020-06-01 00:00:00,6.6,152.95,2,560.0,1.18,base
M3,R4,2020-08-01 00:00:00,6.48,150.39,2,555.0,1.17,base
M3,R4,2020-09-01 00:00:00,6.2,143.78,2,560.0,1.11,base
M3,R4,2020-10-01 00:00:00,2.61,60.63,1,550.0,0.47,base
M3,R4,2020-11-01 00:00:00,6.46,149.91,2,505.0,1.28,base
M3,R4,2020-12-01 00:00:00,5.0600000000000005,117.31,2,565.0,0.9,base
M3,R4,2021-01-01 00:00:00,9.67,224.19,3,570.0,1.7,base
M3,R4,2021-02-01 00:00:00,5.65,131.07,2,500.0,1.13,base
M3,R4,2021-04-01 00:00:00,7.83,181.78,3,520.0,1.51,base
M3,R4,2021-05-01 00:00:00,5.449999999999999,126.36,2,575.0,0.95,base
M3,R4,2021-06-01 00:00:00,9.02,209.26,3,540.0,1.67,base
M3,R4,2021-07-01 00:00:00,3.53,81.82,1,550.0,0.64,base
M3,R4,2021-08-01 00:00:00,8.85,205.58,3,565.0,1.57,base
M3,R4,2021-09-01 00:00:00,13.44,312.03000000000003,5,560.0,2.4,base
M3,R4,2021-10-01 00:00:00,5.82,135.10000000000002,2,535.0,1.09,base
M3,R4,2021-11-01 00:00:00,3.16,73.27,1,540.0,0.59,base
M3,R4,2022-01-01 00:00:00,6.29,145.95,2,555.0,1.13,base
M3,R4,2022-02-01 00:00:00,2.56,59.46,1,485.0,0.53,base
M3,R4,2022-03-01 00:00:00,3.25,75.42,1,560.0,0.58,base
M3,R4,2022-04-01 00:00:00,14.2,329.23,5,535.0,2.65,base
M3,R4,2022-06-01 00:00:00,11.49,266.62,4,540.0,2.13,base
M3,R4,2022-07-01 00:00:00,3.37,78.26,1,570.0,0.59,base
M3,R4,2022-08-01 00:00:00,8.41,195.21,3,580.0,1.45,base
M3,R4,2022-10-01 00:00:00,3.07,71.2,1,570.0,0.54,base
M3,R4,2022-11-01 00:00:00,3.3,76.61,1,540.0,0.61,base
M3,R4,2022-12-01 00:00:00,9.78,227.04,3,575.0,1.7,base
M3,R4,2023-01-01 00:00:00,2.47,57.36,1,560.0,0.44,base
M3,R4,2023-02-01 00:00:00,5.66,131.24,2,480.0,1.18,base
M3,R4,2023-03-01 00:00:00,6.08,141.11,2,580.0,1.05,base
M3,R4,2023-04-01 00:00:00,4.81,111.67,1,530.0,0.91,base
M3,R4,2023-05-01 00:00:00,7.79,180.49,3,525.0,1.48,base
M3,R4,2023-06-01 00:00:00,10.23,237.38,3,540.0,1.89,base
M3,R4,2023-08-01 00:00:00,8.95,207.78,3,580.0,1.54,base
M3,R4,2023-09-01 00:00:00,5.73,133.1,2,540.0,1.06,base
M3,R4,2023-10-01 00:00:00,6.46,149.81,2,575.0,1.12,base
M3,R4,2023-11-01 00:00:00,2.57,59.68,1,540.0,0.48,base
M3,R4,2023-12-01 00:00:00,3.12,72.34,1,555.0,0.56,base
M3,R4,2024-01-01 00:00:00,2.64,61.24,1,540.0,0.49,base
M3,R4,2024-03-01 00:00:00,10.66,247.26,3,570.0,1.87,base
M3,R4,2024-04-01 00:00:00,3.19,73.99,1,520.0,0.61,base
M3,R4,2024-05-01 00:00:00,5.15,119.49,2,580.0,0.89,base
M3,R4,2024-08-01 00:00:00,2.49,57.7,1,575.0,0.43,base
M3,R4,2024-09-01 00:00:00,5.85,135.64,2,555.0,1.05,base
M3,R4,2024-10-01 00:00:00,8.35,193.6,3,560.0,1.49,base
M3,R4,2024-11-01 00:00:00,3.15,73.02,1,555.0,0.57,base
M3,R4,2024-12-01 00:00:00,11.62,269.63,4,575.0,2.02,base
M3,R4,2025-01-01 00:00:00,8.780000000000001,203.8,3,545.0,1.61,base
M3,R4,2025-02-01 00:00:00,5.66,131.17000000000002,2,500.0,1.13,base
M3,R4,2025-03-01 00:00:00,12.38,287.02,3,535.0,2.31,base
M3,R4,2025-05-01 00:00:00,2.54,58.92,1,555.0,0.46,base
M3,R4,2025-07-01 00:00:00,6.46,149.88,2,545.0,1.19,base
M3,R4,2025-08-01 00:00:00,6.380000000000001,147.9,2,570.0,1.12,base
M3,R4,2025-09-01 00:00:00,6.390000000000001,148.26,2,500.0,1.28,base
M3,R4,2025-10-01 00:00:00,6.03,139.84,2,520.0,1.16,base
M3,R4,2025-11-01 00:00:00,5.220000000000001,121.03,2,550.0,0.95,base
M3,R4,2025-12-01 00:00:00,10.8,250.46,4,580.0,1.86,base
M3,R4,2026-01-01 00:00:00,8.33,193.26,3,540.0,1.54,base
M3,R5,2020-01-01 00:00:00,37.98,771.23,30,555.0,6.84,base
M3,R5,2020-02-01 00:00:00,35.58,722.13,27,500.0,7.12,base
M3,R5,2020-03-01 00:00:00,41.19,836.18,31,580.0,7.1,base
M3,R5,2020-04-01 00:00:00,36.85,748.21,28,525.0,7.02,base
M3,R5,2020-05-01 00:00:00,37.13,754.3,30,555.0,6.69,base
M3,R5,2020-06-01 00:00:00,40.02,811.8,30,560.0,7.15,base
M3,R5,2020-07-01 00:00:00,40.13,814.84,30,555.0,7.23,base
M3,R5,2020-08-01 00:00:00,39.06,792.56,30,555.0,7.04,base
M3,R5,2020-09-01 00:00:00,39.1,793.49,30,560.0,6.98,base
M3,R5,2020-10-01 00:00:00,40.64,824.72,30,550.0,7.39,base
M3,R5,2020-11-01 00:00:00,35.81,727.32,27,505.0,7.09,base
M3,R5,2020-12-01 00:00:00,41.38,839.5699999999999,30,565.0,7.32,base
M3,R5,2021-01-01 00:00:00,38.28,776.82,31,570.0,6.72,base
M3,R5,2021-02-01 00:00:00,36.01,730.72,27,500.0,7.2,base
M3,R5,2021-03-01 00:00:00,41.45,841.25,30,565.0,7.34,base
M3,R5,2021-04-01 00:00:00,34.18,693.58,28,520.0,6.57,base
M3,R5,2021-05-01 00:00:00,40.63,825.24,31,575.0,7.07,base
M3,R5,2021-06-01 00:00:00,37.55,761.87,29,540.0,6.95,base
M3,R5,2021-07-01 00:00:00,38.92,790.27,30,550.0,7.08,base
M3,R5,2021-08-01 00:00:00,39.77,806.91,30,565.0,7.04,base
M3,R5,2021-09-01 00:00:00,40.03,812.3,30,560.0,7.15,base
M3,R5,2021-10-01 00:00:00,37.63,763.48,29,535.0,7.03,base
M3,R5,2021-11-01 00:00:00,38.73,786.49,29,540.0,7.17,base
M3,R5,2021-12-01 00:00:00,41.76,847.52,31,575.0,7.26,base
M3,R5,2022-01-01 00:00:00,38.78,787.94,30,555.0,6.99,base
M3,R5,2022-02-01 00:00:00,34.59,702.15,26,485.0,7.13,base
M3,R5,2022-03-01 00:00:00,40.06,813.52,30,560.0,7.15,base
M3,R5,2022-04-01 00:00:00,32.94,668.97,29,535.0,6.16,base
M3,R5,2022-05-01 00:00:00,42.02,853.4,31,575.0,7.31,base
M3,R5,2022-06-01 00:00:00,38.14,773.92,29,540.0,7.06,base
M3,R5,2022-07-01 00:00:00,40.87,829.86,31,570.0,7.17,base
M3,R5,2022-08-01 00:00:00,41.73,847.22,31,580.0,7.19,base
M3,R5,2022-09-01 00:00:00,41.31,838.85,30,560.0,7.38,base
M3,R5,2022-10-01 00:00:00,40.34,818.33,31,570.0,7.08,base
M3,R5,2022-11-01 00:00:00,38.37,779.06,29,540.0,7.11,base
M3,R5,2022-12-01 00:00:00,40.03,812.99,31,575.0,6.96,base
M3,R5,2023-01-01 00:00:00,40.76,827.54,30,560.0,7.28,base
M3,R5,2023-02-01 00:00:00,34.0,690.14,26,480.0,7.08,base
M3,R5,2023-03-01 00:00:00,39.39,799.54,31,580.0,6.79,base
M3,R5,2023-04-01 00:00:00,35.09,712.35,29,530.0,6.62,base
M3,R5,2023-05-01 00:00:00,38.69,785.98,28,525.0,7.37,base
M3,R5,2023-06-01 00:00:00,36.69,744.67,29,540.0,6.79,base
M3,R5,2023-07-01 00:00:00,36.38,739.0600000000001,28,510.0,7.13,base
M3,R5,2023-08-01 00:00:00,41.06,833.62,31,580.0,7.08,base
M3,R5,2023-09-01 00:00:00,38.78,787.87,29,540.0,7.18,base
M3,R5,2023-10-01 00:00:00,39.68,805.46,31,575.0,6.9,base
M3,R5,2023-11-01 00:00:00,39.16,794.66,29,540.0,7.25,base
M3,R5,2023-12-01 00:00:00,38.46,781.11,30,555.0,6.93,base
M3,R5,2024-01-01 00:00:00,39.14,794.47,29,540.0,7.25,base
M3,R5,2024-02-01 00:00:00,39.52,802.1,29,540.0,7.32,base
M3,R5,2024-03-01 00:00:00,36.78,746.08,31,570.0,6.45,base
M3,R5,2024-04-01 00:00:00,35.72,725.89,28,520.0,6.87,base
M3,R5,2024-05-01 00:00:00,41.9,850.85,31,580.0,7.22,base
M3,R5,2024-06-01 00:00:00,40.32,817.97,30,550.0,7.33,base
M3,R5,2024-07-01 00:00:00,42.98,872.29,31,580.0,7.41,base
M3,R5,2024-08-01 00:00:00,42.31,859.1,31,575.0,7.36,base
M3,R5,2024-09-01 00:00:00,39.87,809.56,30,555.0,7.18,base
M3,R5,2024-10-01 00:00:00,40.32,818.56,30,560.0,7.2,base
M3,R5,2024-11-01 00:00:00,39.36,799.0,30,555.0,7.09,base
M3,R5,2024-12-01 00:00:00,40.58,823.24,31,575.0,7.06,base
M3,R5,2025-01-01 00:00:00,38.32,777.72,29,545.0,7.03,base
M3,R5,2025-02-01 00:00:00,35.58,722.5,27,500.0,7.12,base
M3,R5,2025-03-01 00:00:00,34.04,691.73,29,535.0,6.36,base
M3,R5,2025-04-01 00:00:00,39.55,802.72,29,540.0,7.32,base
M3,R5,2025-05-01 00:00:00,39.18,795.28,29,555.0,7.06,base
M3,R5,2025-06-01 00:00:00,39.52,802.63,29,535.0,7.39,base
M3,R5,2025-07-01 00:00:00,37.99,771.78,29,545.0,6.97,base
M3,R5,2025-08-01 00:00:00,40.68,826.04,31,570.0,7.14,base
M3,R5,2025-09-01 00:00:00,34.97,709.66,27,500.0,6.99,base
M3,R5,2025-10-01 00:00:00,36.96,749.96,28,520.0,7.11,base
M3,R5,2025-11-01 00:00:00,38.58,783.36,30,550.0,7.01,base
M3,R5,2025-12-01 00:00:00,42.0,853.0,31,580.0,7.24,base
M3,R5,2026-01-01 00:00:00,38.11,773.63,29,540.0,7.06,base
M1,R1,2026-02,59.81,2816.42,14,286.0,20.91,base
M1,R1,2026-03,132.86,6257.49,30,610.5,21.76,base
M1,R1,2026-04,150.24,7076.77,29,594.0,25.29,base
M1,R1,2026-05,164.71,7758.110000000001,29,588.5,27.99,base
M1,R1,2026-06,157.39,7412.62,30,616.0,25.55,base
M1,R1,2026-07,157.54,7419.56,30,616.0,25.57,base
M1,R1,2026-08,165.74,7805.9,31,627.0,26.43,base
M1,R1,2026-09,158.53,7465.73,30,616.0,25.74,base
M1,R1,2026-10,163.69,7708.85,31,632.5,25.88,base
M1,R1,2026-11,151.76,7147.17,29,594.0,25.55,base
M1,R1,2026-12,144.54,6808.04,28,583.0,24.79,base
M1,R1,2027-01,157.14000000000001,7401.21,30,610.5,25.74,base
M1,R1,2027-02,65.87,3102.62,15,308.0,21.39,base
M1,R2,2026-02,197.82,10920.01,14,286.0,69.17,base
M1,R2,2026-03,419.08,23133.07,30,610.5,68.65,base
M1,R2,2026-04,384.58,21228.64,29,594.0,64.74,base
M1,R2,2026-05,372.68,20571.4,29,588.5,63.33,base
M1,R2,2026-06,380.4,20998.19,30,616.0,61.75,base
M1,R2,2026-07,407.25,22480.62,30,616.0,66.11,base
M1,R2,2026-08,396.08,21863.84,31,627.0,63.17,base
M1,R2,2026-09,405.03,22358.65,30,616.0,65.75,base
M1,R2,2026-10,422.31,23312.67,31,632.5,66.77,base
M1,R2,2026-11,385.18,21262.7,29,594.0,64.85,base
M1,R2,2026-12,358.95,19814.829999999998,28,583.0,61.57,base
M1,R2,2027-01,408.36,22541.56,30,610.5,66.89,base
M1,R2,2027-02,212.38,11723.53,15,308.0,68.95,base
M1,R3,2026-02,4.65,206.62,1,286.0,1.63,base
M1,R3,2026-03,6.33,281.4,2,610.5,1.04,base
M1,R3,2026-04,6.88,305.34000000000003,2,594.0,1.16,base
M1,R3,2026-05,4.41,195.59,1,588.5,0.75,base
M1,R3,2026-06,16.3,724.37,5,616.0,2.65,base
M1,R3,2026-07,3.71,164.91,1,616.0,0.6,base
M1,R3,2026-08,11.19,496.65999999999997,3,627.0,1.78,base
M1,R3,2026-09,4.58,203.49,1,616.0,0.74,base
M1,R3,2026-11,6.35,282.27,2,594.0,1.07,base
M1,R3,2026-12,17.56,779.0799999999999,5,583.0,3.01,base
M1,R3,2027-02,2.64,117.43,1,308.0,0.86,base
M1,R4,2026-03,0.73,36.68,1,610.5,0.12,base
M1,R4,2026-04,1.66,83.37,1,594.0,0.28,base
M1,R4,2026-06,1.4,70.59,2,616.0,0.23,base
M1,R4,2026-11,0.7,35.43,1,594.0,0.12,base
M1,R4,2026-12,3.24,163.03,2,583.0,0.56,base
M1,R4,2027-02,0.6,30.16,1,308.0,0.19,base
M2,R1,2026-02,36.95,1540.59,13,264.0,14.0,base
M2,R1,2026-03,84.3,3515.25,29,632.5,13.33,base
M2,R1,2026-04,84.2,3510.69,28,577.5,14.58,base
M2,R1,2026-05,76.99,3211.0,30,605.0,12.73,base
M2,R1,2026-06,73.74,3074.46,25,616.0,11.97,base
M2,R1,2026-07,91.04,3796.64,30,638.0,14.27,base
M2,R1,2026-08,77.17,3218.4500000000003,28,627.0,12.31,base
M2,R1,2026-09,83.38,3477.09,29,594.0,14.04,base
M2,R1,2026-10,89.48,3731.19,31,632.5,14.15,base
M2,R1,2026-11,82.83,3452.79,28,610.5,13.57,base
M2,R1,2026-12,84.18,3511.13,26,561.0,15.01,base
M2,R1,2027-01,92.08,3838.5,30,627.0,14.69,base
M2,R1,2027-02,58.05,2420.92,14,308.0,18.85,base
M2,R2,2026-03,8.34,391.25,1,632.5,1.32,base
M2,R2,2026-04,7.55,353.93,1,577.5,1.31,base
M2,R2,2026-05,11.1,520.54,2,605.0,1.83,base
M2,R2,2026-07,7.6,356.5,1,638.0,1.19,base
M2,R2,2026-11,3.89,182.64,1,610.5,0.64,base
M2,R2,2026-12,15.31,718.3399999999999,3,561.0,2.73,base
M2,R3,2026-02,106.03,4251.92,13,264.0,40.16,base
M2,R3,2026-03,236.74,9493.21,30,632.5,37.43,base
M2,R3,2026-04,228.67000000000002,9170.02,28,577.5,39.6,base
M2,R3,2026-05,229.61,9207.46,30,605.0,37.95,base
M2,R3,2026-06,213.22,8550.32,28,616.0,34.61,base
M2,R3,2026-07,243.36,9758.37,31,638.0,38.14,base
M2,R3,2026-08,227.67,9128.46,31,627.0,36.31,base
M2,R3,2026-09,240.47,9643.43,29,594.0,40.48,base
M2,R3,2026-10,255.87,10260.98,31,632.5,40.45,base
M2,R3,2026-11,229.28,9193.78,29,610.5,37.56,base
M2,R3,2026-12,209.55,8400.78,27,561.0,37.35,base
M2,R3,2027-01,243.91,9781.82,30,627.0,38.9,base
M2,R3,2027-02,121.02,4853.4,14,308.0,39.29,base
M2,R4,2026-02,74.89,3377.85,13,264.0,28.37,base
M2,R4,2026-03,168.13,7581.39,30,632.5,26.58,base
M2,R4,2026-04,158.65,7154.72,27,577.5,27.47,base
M2,R4,2026-05,175.79,7928.07,29,605.0,29.06,base
M2,R4,2026-06,160.81,7253.79,30,616.0,26.11,base
M2,R4,2026-07,172.25,7768.4800000000005,30,638.0,27.0,base
M2,R4,2026-08,167.61,7558.27,31,627.0,26.73,base
M2,R4,2026-09,168.03,7577.64,29,594.0,28.29,base
M2,R4,2026-10,177.07,7985.61,31,632.5,28.0,base
M2,R4,2026-11,161.87,7299.74,30,610.5,26.51,base
M2,R4,2026-12,142.3,6417.61,26,561.0,25.37,base
M2,R4,2027-01,167.35,7546.87,30,627.0,26.69,base
M2,R4,2027-02,66.1,2981.37,15,308.0,21.46,base
M2,R5,2026-03,1.17,46.269999999999996,2,632.5,0.18,base
M2,R5,2026-06,3.23,127.84,5,616.0,0.52,base
M2,R5,2026-07,0.85,33.8,1,638.0,0.13,base
M2,R5,2026-08,2.48,98.61,3,627.0,0.4,base
M2,R5,2026-11,1.3,51.81,2,610.5,0.21,base
M2,R5,2026-12,0.84,33.52,1,561.0,0.15,base
M2,R5,2027-02,0.44,17.43,1,308.0,0.14,base
M3,R1,2026-02,24.48,533.76,9,260.0,9.42,base
M3,R1,2026-03,53.57,1167.51,20,540.0,9.92,base
M3,R1,2026-04,51.41,1120.42,20,560.0,9.18,base
M3,R1,2026-05,48.05,1047.13,19,570.0,8.43,base
M3,R1,2026-06,50.04,1090.87,19,470.0,10.65,base
M3,R1,2026-07,53.55,1167.22,21,560.0,9.56,base
M3,R1,2026-08,46.25,1008.04,18,510.0,9.07,base
M3,R1,2026-09,53.879999999999995,1174.2,21,560.0,9.62,base
M3,R1,2026-10,56.04,1221.78,22,575.0,9.75,base
M3,R1,2026-11,50.809999999999995,1107.88,20,520.0,9.77,base
M3,R1,2026-12,48.37,1054.37,19,560.0,8.64,base
M3,R1,2027-01,52.32,1141.33,21,555.0,9.43,base
M3,R1,2027-02,15.06,328.2,6,265.0,5.68,base
M3,R4,2026-02,3.16,73.39,1,260.0,1.22,base
M3,R4,2026-03,3.22,74.66,1,540.0,0.6,base
M3,R4,2026-04,6.4,148.42000000000002,2,560.0,1.14,base
M3,R4,2026-05,7.05,163.61,2,570.0,1.24,base
M3,R4,2026-07,3.2,74.23,1,560.0,0.57,base
M3,R4,2026-09,3.2,74.22,1,560.0,0.57,base
M3,R4,2026-12,9.36,217.17000000000002,3,560.0,1.67,base
M3,R4,2027-02,12.98,301.0,5,265.0,4.9,base
M3,R5,2026-02,16.6,337.0,14,260.0,6.38,base
M3,R5,2026-03,36.17,734.46,29,540.0,6.7,base
M3,R5,2026-04,39.28,797.61,30,560.0,7.01,base
M3,R5,2026-05,40.7,826.61,31,570.0,7.14,base
M3,R5,2026-06,33.46,679.01,25,470.0,7.12,base
M3,R5,2026-07,41.25,837.53,30,560.0,7.37,base
M3,R5,2026-08,37.45,760.49,28,510.0,7.34,base
M3,R5,2026-09,40.89,830.57,30,560.0,7.3,base
M3,R5,2026-10,43.13,875.51,31,575.0,7.5,base
M3,R5,2026-11,38.56,782.61,28,520.0,7.42,base
M3,R5,2026-12,37.42,759.72,30,560.0,6.68,base
M3,R5,2027-01,42.84,869.32,30,555.0,7.72,base
M3,R5,2027-02,19.83,402.72,14,265.0,7.48,base
