week,recipe_id,recipe_name,required_hours
2020-W01,R1,80/70 Blend,28.104
2020-W01,R2,80 Straight,45.51075
2020-W01,R3,Brown Recipe,21.154117647058822
2020-W01,R4,Standard Blend,17.36409090909091
2020-W01,R5,Premium Blend,7.145684210526316
2020-W02,R1,80/70 Blend,41.28057142857143
2020-W02,R2,80 Straight,65.37225000000001
2020-W02,R3,Brown Recipe,29.46235294117647
2020-W02,R4,Standard Blend,24.673181818181817
2020-W02,R5,Premium Blend,10.109684210526316
2020-W03,R1,80/70 Blend,40.95428571428571
2020-W03,R2,80 Straight,66.59066666666666
2020-W03,R3,Brown Recipe,30.832941176470587
2020-W03,R4,Standard Blend,25.615000000000002
2020-W03,R5,Premium Blend,10.404947368421052
2020-W04,R1,80/70 Blend,41.74914285714285
2020-W04,R2,80 Straight,67.43666666666667
2020-W04,R3,Brown Recipe,31.235294117647058
2020-W04,R4,Standard Blend,26.21090909090909
2020-W04,R5,Premium Blend,10.316210526315789
2020-W05,R1,80/70 Blend,41.86628571428571
2020-W05,R2,80 Straight,67.2835
2020-W05,R3,Brown Recipe,31.65176470588235
2020-W05,R4,Standard Blend,25.329090909090908
2020-W05,R5,Premium Blend,10.633894736842104
2020-W06,R1,80/70 Blend,44.30571428571429
2020-W06,R2,80 Straight,68.56108333333333
2020-W06,R3,Brown Recipe,32.10823529411765
2020-W06,R4,Standard Blend,25.886363636363637
2020-W06,R5,Premium Blend,10.278631578947369
2020-W07,R1,80/70 Blend,42.932
2020-W07,R2,80 Straight,67.92991666666667
2020-W07,R3,Brown Recipe,32.59294117647059
2020-W07,R4,Standard Blend,26.316363636363636
2020-W07,R5,Premium Blend,10.157368421052631
2020-W08,R1,80/70 Blend,43.646857142857144
2020-W08,R2,80 Straight,69.09166666666667
2020-W08,R3,Brown Recipe,34.181176470588234
2020-W08,R4,Standard Blend,26.396363636363635
2020-W08,R5,Premium Blend,10.520842105263156
2020-W09,R1,80/70 Blend,45.199999999999996
2020-W09,R2,80 Straight,73.05208333333333
2020-W09,R3,Brown Recipe,32.951764705882354
2020-W09,R4,Standard Blend,27.68
2020-W09,R5,Premium Blend,11.537368421052632
2020-W10,R1,80/70 Blend,44.684
2020-W10,R2,80 Straight,72.75841666666666
2020-W10,R3,Brown Recipe,33.212941176470586
2020-W10,R4,Standard Blend,28.172272727272727
2020-W10,R5,Premium Blend,11.297052631578948
2020-W11,R1,80/70 Blend,46.77314285714285
2020-W11,R2,80 Straight,75.13591666666666
2020-W11,R3,Brown Recipe,34.18705882352941
2020-W11,R4,Standard Blend,28.868181818181817
2020-W11,R5,Premium Blend,11.579052631578946
2020-W12,R1,80/70 Blend,43.772571428571425
2020-W12,R2,80 Straight,71.51066666666667
2020-W12,R3,Brown Recipe,33.81529411764706
2020-W12,R4,Standard Blend,27.22181818181818
2020-W12,R5,Premium Blend,11.381052631578946
2020-W13,R1,80/70 Blend,47.53885714285714
2020-W13,R2,80 Straight,74.95616666666666
2020-W13,R3,Brown Recipe,33.361176470588234
2020-W13,R4,Standard Blend,28.828181818181818
2020-W13,R5,Premium Blend,11.259789473684211
2020-W14,R1,80/70 Blend,45.89028571428571
2020-W14,R2,80 Straight,73.5095
2020-W14,R3,Brown Recipe,34.449411764705886
2020-W14,R4,Standard Blend,28.111363636363635
2020-W14,R5,Premium Blend,11.352947368421052
2020-W15,R1,80/70 Blend,44.60914285714286
2020-W15,R2,80 Straight,71.81316666666666
2020-W15,R3,Brown Recipe,32.99647058823529
2020-W15,R4,Standard Blend,28.052272727272726
2020-W15,R5,Premium Blend,10.868526315789474
2020-W16,R1,80/70 Blend,46.400571428571425
2020-W16,R2,80 Straight,72.7615
2020-W16,R3,Brown Recipe,32.436470588235295
2020-W16,R4,Standard Blend,27.759090909090908
2020-W16,R5,Premium Blend,10.961684210526316
2020-W17,R1,80/70 Blend,73.864
2020-W17,R2,80 Straight,117.60516666666666
2020-W17,R3,Brown Recipe,52.72352941176471
2020-W17,R4,Standard Blend,45.31409090909091
2020-W17,R5,Premium Blend,17.85378947368421
2020-W18,R1,80/70 Blend,115.23257142857142
2020-W18,R2,80 Straight,180.98833333333334
2020-W18,R3,Brown Recipe,80.80470588235293
2020-W18,R4,Standard Blend,71.21681818181818
2020-W18,R5,Premium Blend,26.24873684210526
2020-W19,R1,80/70 Blend,111.532
2020-W19,R2,80 Straight,179.08033333333333
2020-W19,R3,Brown Recipe,82.33176470588235
2020-W19,R4,Standard Blend,69.71863636363636
2020-W19,R5,Premium Blend,27.127894736842105
2020-W20,R1,80/70 Blend,110.32114285714286
2020-W20,R2,80 Straight,181.06841666666668
2020-W20,R3,Brown Recipe,82.28235294117647
2020-W20,R4,Standard Blend,68.50636363636363
2020-W20,R5,Premium Blend,29.18810526315789
2020-W21,R1,80/70 Blend,98.14857142857142
2020-W21,R2,80 Straight,158.67208333333332
2020-W21,R3,Brown Recipe,72.64588235294117
2020-W21,R4,Standard Blend,59.95545454545454
2020-W21,R5,Premium Blend,25.151052631578946
2020-W22,R1,80/70 Blend,42.766285714285715
2020-W22,R2,80 Straight,68.30616666666667
2020-W22,R3,Brown Recipe,32.16
2020-W22,R4,Standard Blend,26.504545454545458
2020-W22,R5,Premium Blend,10.32
2020-W23,R1,80/70 Blend,41.69314285714286
2020-W23,R2,80 Straight,67.02366666666667
2020-W23,R3,Brown Recipe,31.07176470588235
2020-W23,R4,Standard Blend,25.151363636363637
2020-W23,R5,Premium Blend,10.636105263157894
2020-W24,R1,80/70 Blend,42.09485714285714
2020-W24,R2,80 Straight,67.51625
2020-W24,R3,Brown Recipe,31.18941176470588
2020-W24,R4,Standard Blend,26.255909090909093
2020-W24,R5,Premium Blend,10.22778947368421
2020-W25,R1,80/70 Blend,40.805142857142854
2020-W25,R2,80 Straight,66.978
2020-W25,R3,Brown Recipe,30.461176470588235
2020-W25,R4,Standard Blend,26.399090909090912
2020-W25,R5,Premium Blend,10.272631578947367
2020-W26,R1,80/70 Blend,41.39885714285714
2020-W26,R2,80 Straight,65.92825
2020-W26,R3,Brown Recipe,30.898823529411764
2020-W26,R4,Standard Blend,24.98681818181818
2020-W26,R5,Premium Blend,10.217684210526315
2020-W27,R1,80/70 Blend,62.32057142857143
2020-W27,R2,80 Straight,98.57491666666667
2020-W27,R3,Brown Recipe,46.256470588235295
2020-W27,R4,Standard Blend,37.04590909090909
2020-W27,R5,Premium Blend,15.299999999999999
2020-W28,R1,80/70 Blend,68.896
2020-W28,R2,80 Straight,112.38066666666667
2020-W28,R3,Brown Recipe,52.30705882352941
2020-W28,R4,Standard Blend,43.54545454545455
2020-W28,R5,Premium Blend,17.472
2020-W29,R1,80/70 Blend,68.86057142857143
2020-W29,R2,80 Straight,113.13033333333333
2020-W29,R3,Brown Recipe,51.051764705882356
2020-W29,R4,Standard Blend,43.69090909090909
2020-W29,R5,Premium Blend,17.816842105263156
2020-W30,R1,80/70 Blend,67.68914285714285
2020-W30,R2,80 Straight,109.03591666666667
2020-W30,R3,Brown Recipe,50.53411764705882
2020-W30,R4,Standard Blend,42.42227272727273
2020-W30,R5,Premium Blend,16.599789473684208
2020-W31,R1,80/70 Blend,59.152
2020-W31,R2,80 Straight,95.75641666666667
2020-W31,R3,Brown Recipe,43.607058823529414
2020-W31,R4,Standard Blend,37.08590909090909
2020-W31,R5,Premium Blend,14.754947368421053
2020-W32,R1,80/70 Blend,36.83314285714285
2020-W32,R2,80 Straight,59.30141666666667
2020-W32,R3,Brown Recipe,26.25529411764706
2020-W32,R4,Standard Blend,23.253636363636364
2020-W32,R5,Premium Blend,8.932105263157894
2020-W33,R1,80/70 Blend,36.88057142857143
2020-W33,R2,80 Straight,58.53691666666667
2020-W33,R3,Brown Recipe,27.230588235294118
2020-W33,R4,Standard Blend,22.588636363636365
2020-W33,R5,Premium Blend,8.833263157894736
2020-W34,R1,80/70 Blend,34.86571428571428
2020-W34,R2,80 Straight,56.53333333333333
2020-W34,R3,Brown Recipe,25.956470588235295
2020-W34,R4,Standard Blend,22.529545454545453
2020-W34,R5,Premium Blend,8.414210526315788
2020-W35,R1,80/70 Blend,34.48571428571429
2020-W35,R2,80 Straight,56.815083333333334
2020-W35,R3,Brown Recipe,24.63529411764706
2020-W35,R4,Standard Blend,22.405454545454546
2020-W35,R5,Premium Blend,8.748315789473684
2020-W36,R1,80/70 Blend,35.308571428571426
2020-W36,R2,80 Straight,56.253166666666665
2020-W36,R3,Brown Recipe,26.254117647058823
2020-W36,R4,Standard Blend,21.608636363636364
2020-W36,R5,Premium Blend,8.579684210526315
2020-W37,R1,80/70 Blend,34.182857142857145
2020-W37,R2,80 Straight,54.81
2020-W37,R3,Brown Recipe,25.349411764705884
2020-W37,R4,Standard Blend,20.867727272727272
2020-W37,R5,Premium Blend,8.521578947368422
2020-W38,R1,80/70 Blend,35.52342857142857
2020-W38,R2,80 Straight,55.81008333333333
2020-W38,R3,Brown Recipe,25.434117647058823
2020-W38,R4,Standard Blend,21.43909090909091
2020-W38,R5,Premium Blend,8.356105263157895
2020-W39,R1,80/70 Blend,35.26914285714285
2020-W39,R2,80 Straight,56.23416666666667
2020-W39,R3,Brown Recipe,25.638823529411763
2020-W39,R4,Standard Blend,22.06863636363636
2020-W39,R5,Premium Blend,8.35357894736842
2020-W40,R1,80/70 Blend,34.76971428571429
2020-W40,R2,80 Straight,56.446583333333336
2020-W40,R3,Brown Recipe,25.01058823529412
2020-W40,R4,Standard Blend,21.46
2020-W40,R5,Premium Blend,8.928315789473684
2020-W41,R1,80/70 Blend,34.41542857142857
2020-W41,R2,80 Straight,54.625083333333336
2020-W41,R3,Brown Recipe,26.241176470588236
2020-W41,R4,Standard Blend,20.735
2020-W41,R5,Premium Blend,8.413894736842105
2020-W42,R1,80/70 Blend,34.14742857142857
2020-W42,R2,80 Straight,55.38941666666666
2020-W42,R3,Brown Recipe,25.218823529411765
2020-W42,R4,Standard Blend,21.16090909090909
2020-W42,R5,Premium Blend,8.700947368421053
2020-W43,R1,80/70 Blend,33.858285714285714
2020-W43,R2,80 Straight,55.743916666666664
2020-W43,R3,Brown Recipe,25.601176470588236
2020-W43,R4,Standard Blend,21.55727272727273
2020-W43,R5,Premium Blend,8.787473684210527
2020-W44,R1,80/70 Blend,35.37828571428571
2020-W44,R2,80 Straight,56.32625
2020-W44,R3,Brown Recipe,26.094117647058823
2020-W44,R4,Standard Blend,21.206818181818182
2020-W44,R5,Premium Blend,8.796631578947368
2020-W45,R1,80/70 Blend,35.994285714285716
2020-W45,R2,80 Straight,56.57683333333333
2020-W45,R3,Brown Recipe,26.751764705882355
2020-W45,R4,Standard Blend,21.460454545454546
2020-W45,R5,Premium Blend,8.611894736842105
2020-W46,R1,80/70 Blend,35.476571428571425
2020-W46,R2,80 Straight,56.73716666666667
2020-W46,R3,Brown Recipe,25.945882352941176
2020-W46,R4,Standard Blend,22.23909090909091
2020-W46,R5,Premium Blend,8.47578947368421
2020-W47,R1,80/70 Blend,37.45885714285714
2020-W47,R2,80 Straight,60.1815
2020-W47,R3,Brown Recipe,28.108235294117648
2020-W47,R4,Standard Blend,23.23136363636364
2020-W47,R5,Premium Blend,9.222
2020-W48,R1,80/70 Blend,36.97428571428571
2020-W48,R2,80 Straight,59.85808333333333
2020-W48,R3,Brown Recipe,27.14705882352941
2020-W48,R4,Standard Blend,22.927272727272726
2020-W48,R5,Premium Blend,9.350842105263158
2020-W49,R1,80/70 Blend,38.081714285714284
2020-W49,R2,80 Straight,61.44791666666667
2020-W49,R3,Brown Recipe,28.17294117647059
2020-W49,R4,Standard Blend,24.066363636363636
2020-W49,R5,Premium Blend,9.296526315789475
2020-W50,R1,80/70 Blend,38.81314285714286
2020-W50,R2,80 Straight,62.03991666666667
2020-W50,R3,Brown Recipe,28.441176470588236
2020-W50,R4,Standard Blend,23.685454545454547
2020-W50,R5,Premium Blend,9.575052631578947
2020-W51,R1,80/70 Blend,38.17085714285714
2020-W51,R2,80 Straight,61.63458333333333
2020-W51,R3,Brown Recipe,28.190588235294115
2020-W51,R4,Standard Blend,24.166818181818183
2020-W51,R5,Premium Blend,9.31957894736842
2020-W52,R1,80/70 Blend,39.604571428571425
2020-W52,R2,80 Straight,65.14616666666666
2020-W52,R3,Brown Recipe,29.764705882352942
2020-W52,R4,Standard Blend,25.27227272727273
2020-W52,R5,Premium Blend,10.219263157894737
2020-W53,R1,80/70 Blend,40.0
2020-W53,R2,80 Straight,65.13483333333333
2020-W53,R3,Brown Recipe,30.69529411764706
2020-W53,R4,Standard Blend,26.431818181818183
2020-W53,R5,Premium Blend,9.512842105263157
2021-W01,R1,80/70 Blend,41.75142857142857
2021-W01,R2,80 Straight,67.18625
2021-W01,R3,Brown Recipe,30.44470588235294
2021-W01,R4,Standard Blend,25.70590909090909
2021-W01,R5,Premium Blend,10.430526315789473
2021-W02,R1,80/70 Blend,42.33314285714285
2021-W02,R2,80 Straight,66.80208333333333
2021-W02,R3,Brown Recipe,31.30235294117647
2021-W02,R4,Standard Blend,25.528181818181817
2021-W02,R5,Premium Blend,10.127052631578946
2021-W03,R1,80/70 Blend,43.03828571428571
2021-W03,R2,80 Straight,69.02341666666666
2021-W03,R3,Brown Recipe,31.72
2021-W03,R4,Standard Blend,26.420909090909092
2021-W03,R5,Premium Blend,10.663894736842105
2021-W04,R1,80/70 Blend,43.42914285714286
2021-W04,R2,80 Straight,69.48041666666667
2021-W04,R3,Brown Recipe,31.895294117647058
2021-W04,R4,Standard Blend,26.938636363636363
2021-W04,R5,Premium Blend,10.530947368421053
2021-W05,R1,80/70 Blend,43.83257142857143
2021-W05,R2,80 Straight,69.88083333333333
2021-W05,R3,Brown Recipe,32.339999999999996
2021-W05,R4,Standard Blend,27.189999999999998
2021-W05,R5,Premium Blend,10.49557894736842
2021-W06,R1,80/70 Blend,45.37199999999999
2021-W06,R2,80 Straight,72.48616666666666
2021-W06,R3,Brown Recipe,32.77411764705882
2021-W06,R4,Standard Blend,28.292727272727273
2021-W06,R5,Premium Blend,10.872631578947368
2021-W07,R1,80/70 Blend,45.54571428571428
2021-W07,R2,80 Straight,72.92791666666666
2021-W07,R3,Brown Recipe,32.612941176470585
2021-W07,R4,Standard Blend,28.215454545454545
2021-W07,R5,Premium Blend,11.095263157894736
2021-W08,R1,80/70 Blend,46.74628571428571
2021-W08,R2,80 Straight,73.51225
2021-W08,R3,Brown Recipe,34.330588235294115
2021-W08,R4,Standard Blend,28.37272727272727
2021-W08,R5,Premium Blend,10.954421052631579
2021-W09,R1,80/70 Blend,47.15314285714285
2021-W09,R2,80 Straight,75.55725
2021-W09,R3,Brown Recipe,33.11529411764706
2021-W09,R4,Standard Blend,28.629090909090912
2021-W09,R5,Premium Blend,11.80578947368421
2021-W10,R1,80/70 Blend,45.116
2021-W10,R2,80 Straight,73.92066666666666
2021-W10,R3,Brown Recipe,34.74941176470588
2021-W10,R4,Standard Blend,29.32181818181818
2021-W10,R5,Premium Blend,11.21936842105263
2021-W11,R1,80/70 Blend,44.744571428571426
2021-W11,R2,80 Straight,74.78858333333334
2021-W11,R3,Brown Recipe,33.86470588235294
2021-W11,R4,Standard Blend,29.49
2021-W11,R5,Premium Blend,11.723052631578948
2021-W12,R1,80/70 Blend,47.17999999999999
2021-W12,R2,80 Straight,75.58516666666667
2021-W12,R3,Brown Recipe,34.51882352941176
2021-W12,R4,Standard Blend,29.300454545454546
2021-W12,R5,Premium Blend,11.479263157894737
2021-W13,R1,80/70 Blend,46.85371428571428
2021-W13,R2,80 Straight,77.04833333333333
2021-W13,R3,Brown Recipe,35.08235294117647
2021-W13,R4,Standard Blend,29.045
2021-W13,R5,Premium Blend,12.501157894736842
2021-W14,R1,80/70 Blend,48.13485714285714
2021-W14,R2,80 Straight,76.67341666666667
2021-W14,R3,Brown Recipe,34.56941176470588
2021-W14,R4,Standard Blend,29.119545454545456
2021-W14,R5,Premium Blend,11.856631578947368
2021-W15,R1,80/70 Blend,106.71885714285713
2021-W15,R2,80 Straight,168.22833333333335
2021-W15,R3,Brown Recipe,72.99529411764706
2021-W15,R4,Standard Blend,61.910909090909094
2021-W15,R5,Premium Blend,26.647578947368423
2021-W16,R1,80/70 Blend,117.01485714285714
2021-W16,R2,80 Straight,189.55566666666667
2021-W16,R3,Brown Recipe,86.64470588235295
2021-W16,R4,Standard Blend,73.15363636363637
2021-W16,R5,Premium Blend,29.362736842105264
2021-W17,R1,80/70 Blend,117.16457142857143
2021-W17,R2,80 Straight,188.79191666666668
2021-W17,R3,Brown Recipe,85.64117647058823
2021-W17,R4,Standard Blend,72.81636363636363
2021-W17,R5,Premium Blend,29.06936842105263
2021-W18,R1,80/70 Blend,113.46228571428571
2021-W18,R2,80 Straight,182.32566666666668
2021-W18,R3,Brown Recipe,85.19294117647058
2021-W18,R4,Standard Blend,72.8859090909091
2021-W18,R5,Premium Blend,26.703473684210525
2021-W19,R1,80/70 Blend,75.54285714285713
2021-W19,R2,80 Straight,125.3745
2021-W19,R3,Brown Recipe,56.92588235294117
2021-W19,R4,Standard Blend,47.465
2021-W19,R5,Premium Blend,20.46221052631579
2021-W20,R1,80/70 Blend,45.07942857142857
2021-W20,R2,80 Straight,72.51558333333334
2021-W20,R3,Brown Recipe,33.892941176470586
2021-W20,R4,Standard Blend,27.882272727272728
2021-W20,R5,Premium Blend,11.184631578947368
2021-W21,R1,80/70 Blend,45.09257142857143
2021-W21,R2,80 Straight,71.54733333333334
2021-W21,R3,Brown Recipe,31.996470588235294
2021-W21,R4,Standard Blend,27.33818181818182
2021-W21,R5,Premium Blend,10.926315789473684
2021-W22,R1,80/70 Blend,44.47371428571429
2021-W22,R2,80 Straight,70.71641666666667
2021-W22,R3,Brown Recipe,31.821176470588235
2021-W22,R4,Standard Blend,28.010454545454543
2021-W22,R5,Premium Blend,10.338315789473684
2021-W23,R1,80/70 Blend,43.348
2021-W23,R2,80 Straight,69.41883333333332
2021-W23,R3,Brown Recipe,32.718823529411765
2021-W23,R4,Standard Blend,26.505
2021-W23,R5,Premium Blend,10.738421052631578
2021-W24,R1,80/70 Blend,42.540571428571425
2021-W24,R2,80 Straight,67.90366666666667
2021-W24,R3,Brown Recipe,31.775294117647057
2021-W24,R4,Standard Blend,25.327727272727273
2021-W24,R5,Premium Blend,10.75736842105263
2021-W25,R1,80/70 Blend,40.61485714285714
2021-W25,R2,80 Straight,65.427
2021-W25,R3,Brown Recipe,30.491764705882353
2021-W25,R4,Standard Blend,25.464545454545455
2021-W25,R5,Premium Blend,9.956842105263158
2021-W26,R1,80/70 Blend,58.33142857142857
2021-W26,R2,80 Straight,94.503
2021-W26,R3,Brown Recipe,44.163529411764706
2021-W26,R4,Standard Blend,36.285909090909094
2021-W26,R5,Premium Blend,14.732526315789473
2021-W27,R1,80/70 Blend,71.17485714285715
2021-W27,R2,80 Straight,118.03083333333333
2021-W27,R3,Brown Recipe,52.83411764705882
2021-W27,R4,Standard Blend,46.528181818181814
2021-W27,R5,Premium Blend,18.330947368421054
2021-W28,R1,80/70 Blend,71.35657142857143
2021-W28,R2,80 Straight,115.19825
2021-W28,R3,Brown Recipe,53.654117647058825
2021-W28,R4,Standard Blend,45.075
2021-W28,R5,Premium Blend,17.461263157894734
2021-W29,R1,80/70 Blend,71.616
2021-W29,R2,80 Straight,112.24925
2021-W29,R3,Brown Recipe,54.001176470588234
2021-W29,R4,Standard Blend,42.87136363636364
2021-W29,R5,Premium Blend,16.876421052631578
2021-W30,R1,80/70 Blend,65.27714285714285
2021-W30,R2,80 Straight,102.57375
2021-W30,R3,Brown Recipe,47.290588235294116
2021-W30,R4,Standard Blend,39.45681818181818
2021-W30,R5,Premium Blend,15.334736842105263
2021-W31,R1,80/70 Blend,37.924
2021-W31,R2,80 Straight,60.78175
2021-W31,R3,Brown Recipe,28.060000000000002
2021-W31,R4,Standard Blend,23.255454545454544
2021-W31,R5,Premium Blend,9.388105263157895
2021-W32,R1,80/70 Blend,37.808571428571426
2021-W32,R2,80 Straight,60.84108333333334
2021-W32,R3,Brown Recipe,27.918823529411764
2021-W32,R4,Standard Blend,23.145454545454548
2021-W32,R5,Premium Blend,9.511263157894737
2021-W33,R1,80/70 Blend,37.537142857142854
2021-W33,R2,80 Straight,60.66891666666667
2021-W33,R3,Brown Recipe,27.12470588235294
2021-W33,R4,Standard Blend,22.893636363636364
2021-W33,R5,Premium Blend,9.628736842105262
2021-W34,R1,80/70 Blend,35.09885714285714
2021-W34,R2,80 Straight,57.51275
2021-W34,R3,Brown Recipe,27.148235294117647
2021-W34,R4,Standard Blend,22.21318181818182
2021-W34,R5,Premium Blend,9.02778947368421
2021-W35,R1,80/70 Blend,36.165142857142854
2021-W35,R2,80 Straight,56.86625
2021-W35,R3,Brown Recipe,27.348235294117647
2021-W35,R4,Standard Blend,21.609545454545454
2021-W35,R5,Premium Blend,8.640631578947367
2021-W36,R1,80/70 Blend,35.473142857142854
2021-W36,R2,80 Straight,56.39041666666667
2021-W36,R3,Brown Recipe,26.44235294117647
2021-W36,R4,Standard Blend,21.316363636363636
2021-W36,R5,Premium Blend,8.747052631578947
2021-W37,R1,80/70 Blend,35.518857142857144
2021-W37,R2,80 Straight,56.184416666666664
2021-W37,R3,Brown Recipe,26.198823529411765
2021-W37,R4,Standard Blend,21.55
2021-W37,R5,Premium Blend,8.505157894736842
2021-W38,R1,80/70 Blend,35.41657142857143
2021-W38,R2,80 Straight,57.073
2021-W38,R3,Brown Recipe,26.025882352941178
2021-W38,R4,Standard Blend,22.45590909090909
2021-W38,R5,Premium Blend,8.568947368421053
2021-W39,R1,80/70 Blend,34.53257142857143
2021-W39,R2,80 Straight,56.68258333333333
2021-W39,R3,Brown Recipe,26.48470588235294
2021-W39,R4,Standard Blend,22.879545454545454
2021-W39,R5,Premium Blend,8.426526315789474
2021-W40,R1,80/70 Blend,35.49542857142857
2021-W40,R2,80 Straight,57.31516666666667
2021-W40,R3,Brown Recipe,26.603529411764704
2021-W40,R4,Standard Blend,21.952727272727273
2021-W40,R5,Premium Blend,8.924842105263158
2021-W41,R1,80/70 Blend,34.60914285714286
2021-W41,R2,80 Straight,56.671
2021-W41,R3,Brown Recipe,26.669411764705885
2021-W41,R4,Standard Blend,22.054545454545455
2021-W41,R5,Premium Blend,8.805473684210526
2021-W42,R1,80/70 Blend,35.04742857142857
2021-W42,R2,80 Straight,56.85091666666666
2021-W42,R3,Brown Recipe,26.728235294117646
2021-W42,R4,Standard Blend,21.629545454545454
2021-W42,R5,Premium Blend,8.97536842105263
2021-W43,R1,80/70 Blend,36.135999999999996
2021-W43,R2,80 Straight,57.70375
2021-W43,R3,Brown Recipe,26.50470588235294
2021-W43,R4,Standard Blend,21.44272727272727
2021-W43,R5,Premium Blend,9.186
2021-W44,R1,80/70 Blend,35.22742857142857
2021-W44,R2,80 Straight,58.321583333333336
2021-W44,R3,Brown Recipe,25.68
2021-W44,R4,Standard Blend,22.394545454545455
2021-W44,R5,Premium Blend,9.335052631578947
2021-W45,R1,80/70 Blend,37.064571428571426
2021-W45,R2,80 Straight,60.431
2021-W45,R3,Brown Recipe,26.235294117647058
2021-W45,R4,Standard Blend,23.568636363636365
2021-W45,R5,Premium Blend,9.314210526315788
2021-W46,R1,80/70 Blend,37.00514285714286
2021-W46,R2,80 Straight,60.5685
2021-W46,R3,Brown Recipe,27.703529411764706
2021-W46,R4,Standard Blend,23.525454545454547
2021-W46,R5,Premium Blend,9.428842105263158
2021-W47,R1,80/70 Blend,39.101142857142854
2021-W47,R2,80 Straight,60.03325
2021-W47,R3,Brown Recipe,27.44470588235294
2021-W47,R4,Standard Blend,22.61318181818182
2021-W47,R5,Premium Blend,8.929894736842105
2021-W48,R1,80/70 Blend,38.57542857142857
2021-W48,R2,80 Straight,61.77891666666667
2021-W48,R3,Brown Recipe,28.615294117647057
2021-W48,R4,Standard Blend,23.487727272727273
2021-W48,R5,Premium Blend,9.606947368421052
2021-W49,R1,80/70 Blend,40.05714285714286
2021-W49,R2,80 Straight,63.728833333333334
2021-W49,R3,Brown Recipe,28.66941176470588
2021-W49,R4,Standard Blend,23.818636363636365
2021-W49,R5,Premium Blend,10.03042105263158
2021-W50,R1,80/70 Blend,39.60171428571429
2021-W50,R2,80 Straight,64.12158333333333
2021-W50,R3,Brown Recipe,29.40235294117647
2021-W50,R4,Standard Blend,25.333636363636362
2021-W50,R5,Premium Blend,9.635052631578947
2021-W51,R1,80/70 Blend,40.992
2021-W51,R2,80 Straight,66.27491666666667
2021-W51,R3,Brown Recipe,31.46
2021-W51,R4,Standard Blend,24.943636363636365
2021-W51,R5,Premium Blend,10.555263157894737
2021-W52,R1,80/70 Blend,40.87885714285714
2021-W52,R2,80 Straight,65.66633333333334
2021-W52,R3,Brown Recipe,31.83529411764706
2021-W52,R4,Standard Blend,25.70909090909091
2021-W52,R5,Premium Blend,9.881684210526316
2022-W01,R1,80/70 Blend,42.936571428571426
2022-W01,R2,80 Straight,68.29725
2022-W01,R3,Brown Recipe,31.008235294117647
2022-W01,R4,Standard Blend,26.489545454545453
2022-W01,R5,Premium Blend,10.268842105263158
2022-W02,R1,80/70 Blend,43.87714285714286
2022-W02,R2,80 Straight,70.05775
2022-W02,R3,Brown Recipe,32.65882352941176
2022-W02,R4,Standard Blend,27.104545454545455
2022-W02,R5,Premium Blend,10.619684210526316
2022-W03,R1,80/70 Blend,45.114285714285714
2022-W03,R2,80 Straight,72.07275
2022-W03,R3,Brown Recipe,33.04470588235294
2022-W03,R4,Standard Blend,27.79
2022-W03,R5,Premium Blend,10.979684210526315
2022-W04,R1,80/70 Blend,44.60971428571428
2022-W04,R2,80 Straight,71.55708333333334
2022-W04,R3,Brown Recipe,33.93176470588235
2022-W04,R4,Standard Blend,26.487727272727273
2022-W04,R5,Premium Blend,11.506105263157895
2022-W05,R1,80/70 Blend,45.05142857142857
2022-W05,R2,80 Straight,73.88125
2022-W05,R3,Brown Recipe,33.98352941176471
2022-W05,R4,Standard Blend,28.838181818181816
2022-W05,R5,Premium Blend,11.458421052631579
2022-W06,R1,80/70 Blend,46.137142857142855
2022-W06,R2,80 Straight,71.96875
2022-W06,R3,Brown Recipe,33.64941176470588
2022-W06,R4,Standard Blend,28.38681818181818
2022-W06,R5,Premium Blend,10.304210526315789
2022-W07,R1,80/70 Blend,46.610285714285716
2022-W07,R2,80 Straight,76.13733333333334
2022-W07,R3,Brown Recipe,34.885882352941174
2022-W07,R4,Standard Blend,29.405
2022-W07,R5,Premium Blend,11.906210526315789
2022-W08,R1,80/70 Blend,47.457142857142856
2022-W08,R2,80 Straight,75.59741666666666
2022-W08,R3,Brown Recipe,34.771764705882354
2022-W08,R4,Standard Blend,29.375454545454545
2022-W08,R5,Premium Blend,11.361157894736841
2022-W09,R1,80/70 Blend,46.628571428571426
2022-W09,R2,80 Straight,74.41658333333334
2022-W09,R3,Brown Recipe,35.47529411764706
2022-W09,R4,Standard Blend,29.15227272727273
2022-W09,R5,Premium Blend,11.094315789473683
2022-W10,R1,80/70 Blend,47.21942857142857
2022-W10,R2,80 Straight,77.83933333333333
2022-W10,R3,Brown Recipe,34.54941176470588
2022-W10,R4,Standard Blend,29.518636363636364
2022-W10,R5,Premium Blend,12.578842105263156
2022-W11,R1,80/70 Blend,48.862857142857145
2022-W11,R2,80 Straight,77.36533333333333
2022-W11,R3,Brown Recipe,35.29764705882353
2022-W11,R4,Standard Blend,29.722272727272724
2022-W11,R5,Premium Blend,11.70221052631579
2022-W12,R1,80/70 Blend,47.70857142857143
2022-W12,R2,80 Straight,75.9355
2022-W12,R3,Brown Recipe,35.9635294117647
2022-W12,R4,Standard Blend,29.653636363636362
2022-W12,R5,Premium Blend,11.326736842105262
2022-W13,R1,80/70 Blend,69.50857142857143
2022-W13,R2,80 Straight,112.71125
2022-W13,R3,Brown Recipe,49.529411764705884
2022-W13,R4,Standard Blend,43.95090909090909
2022-W13,R5,Premium Blend,17.256315789473685
2022-W14,R1,80/70 Blend,122.16571428571429
2022-W14,R2,80 Straight,193.92808333333335
2022-W14,R3,Brown Recipe,92.16705882352942
2022-W14,R4,Standard Blend,73.94318181818181
2022-W14,R5,Premium Blend,29.711368421052633
2022-W15,R1,80/70 Blend,121.65142857142857
2022-W15,R2,80 Straight,188.97383333333335
2022-W15,R3,Brown Recipe,89.35176470588236
2022-W15,R4,Standard Blend,72.24681818181818
2022-W15,R5,Premium Blend,28.03357894736842
2022-W16,R1,80/70 Blend,120.67485714285714
2022-W16,R2,80 Straight,194.922
2022-W16,R3,Brown Recipe,90.20117647058824
2022-W16,R4,Standard Blend,74.76454545454546
2022-W16,R5,Premium Blend,30.312631578947368
2022-W17,R1,80/70 Blend,120.56114285714285
2022-W17,R2,80 Straight,193.26816666666667
2022-W17,R3,Brown Recipe,85.67411764705882
2022-W17,R4,Standard Blend,74.37863636363636
2022-W17,R5,Premium Blend,29.644736842105264
2022-W18,R1,80/70 Blend,46.811428571428564
2022-W18,R2,80 Straight,75.87791666666666
2022-W18,R3,Brown Recipe,35.17058823529412
2022-W18,R4,Standard Blend,29.530454545454546
2022-W18,R5,Premium Blend,11.639999999999999
2022-W19,R1,80/70 Blend,48.72228571428571
2022-W19,R2,80 Straight,76.26741666666666
2022-W19,R3,Brown Recipe,36.55882352941177
2022-W19,R4,Standard Blend,29.22681818181818
2022-W19,R5,Premium Blend,11.398105263157895
2022-W20,R1,80/70 Blend,45.181714285714285
2022-W20,R2,80 Straight,73.08725
2022-W20,R3,Brown Recipe,33.783529411764704
2022-W20,R4,Standard Blend,28.754545454545454
2022-W20,R5,Premium Blend,11.028947368421052
2022-W21,R1,80/70 Blend,47.466857142857144
2022-W21,R2,80 Straight,74.27808333333333
2022-W21,R3,Brown Recipe,34.49058823529412
2022-W21,R4,Standard Blend,28.391363636363636
2022-W21,R5,Premium Blend,11.13221052631579
2022-W22,R1,80/70 Blend,47.20171428571428
2022-W22,R2,80 Straight,74.08033333333333
2022-W22,R3,Brown Recipe,33.94352941176471
2022-W22,R4,Standard Blend,27.813636363636363
2022-W22,R5,Premium Blend,11.39557894736842
2022-W23,R1,80/70 Blend,45.513714285714286
2022-W23,R2,80 Straight,71.85208333333333
2022-W23,R3,Brown Recipe,33.188235294117646
2022-W23,R4,Standard Blend,27.242272727272727
2022-W23,R5,Premium Blend,11.005894736842105
2022-W24,R1,80/70 Blend,43.37428571428571
2022-W24,R2,80 Straight,70.06533333333333
2022-W24,R3,Brown Recipe,32.948235294117644
2022-W24,R4,Standard Blend,26.58772727272727
2022-W24,R5,Premium Blend,11.039052631578947
2022-W25,R1,80/70 Blend,43.10514285714286
2022-W25,R2,80 Straight,69.85233333333333
2022-W25,R3,Brown Recipe,31.04705882352941
2022-W25,R4,Standard Blend,27.141363636363636
2022-W25,R5,Premium Blend,10.734
2022-W26,R1,80/70 Blend,57.882285714285715
2022-W26,R2,80 Straight,92.7615
2022-W26,R3,Brown Recipe,41.029411764705884
2022-W26,R4,Standard Blend,35.79
2022-W26,R5,Premium Blend,14.177684210526316
2022-W27,R1,80/70 Blend,75.39942857142856
2022-W27,R2,80 Straight,121.20008333333334
2022-W27,R3,Brown Recipe,55.04705882352941
2022-W27,R4,Standard Blend,46.105909090909094
2022-W27,R5,Premium Blend,18.922105263157896
2022-W28,R1,80/70 Blend,73.67371428571428
2022-W28,R2,80 Straight,117.31008333333334
2022-W28,R3,Brown Recipe,55.09647058823529
2022-W28,R4,Standard Blend,44.125
2022-W28,R5,Premium Blend,18.344210526315788
2022-W29,R1,80/70 Blend,73.65142857142857
2022-W29,R2,80 Straight,117.76883333333333
2022-W29,R3,Brown Recipe,53.50941176470588
2022-W29,R4,Standard Blend,43.61954545454545
2022-W29,R5,Premium Blend,18.850421052631578
2022-W30,R1,80/70 Blend,72.53714285714285
2022-W30,R2,80 Straight,114.43216666666667
2022-W30,R3,Brown Recipe,52.265882352941176
2022-W30,R4,Standard Blend,42.19045454545454
2022-W30,R5,Premium Blend,18.10515789473684
2022-W31,R1,80/70 Blend,40.51314285714285
2022-W31,R2,80 Straight,63.915
2022-W31,R3,Brown Recipe,29.638823529411766
2022-W31,R4,Standard Blend,24.373636363636365
2022-W31,R5,Premium Blend,9.71178947368421
2022-W32,R1,80/70 Blend,36.99314285714286
2022-W32,R2,80 Straight,60.32
2022-W32,R3,Brown Recipe,29.429411764705883
2022-W32,R4,Standard Blend,23.49681818181818
2022-W32,R5,Premium Blend,9.312315789473685
2022-W33,R1,80/70 Blend,38.268
2022-W33,R2,80 Straight,60.86833333333333
2022-W33,R3,Brown Recipe,27.496470588235294
2022-W33,R4,Standard Blend,23.02090909090909
2022-W33,R5,Premium Blend,9.442736842105264
2022-W34,R1,80/70 Blend,38.490857142857145
2022-W34,R2,80 Straight,60.34225
2022-W34,R3,Brown Recipe,27.814117647058826
2022-W34,R4,Standard Blend,23.36409090909091
2022-W34,R5,Premium Blend,8.917263157894736
2022-W35,R1,80/70 Blend,36.965714285714284
2022-W35,R2,80 Straight,59.269
2022-W35,R3,Brown Recipe,28.003529411764706
2022-W35,R4,Standard Blend,22.539545454545454
2022-W35,R5,Premium Blend,9.227052631578948
2022-W36,R1,80/70 Blend,36.92057142857143
2022-W36,R2,80 Straight,58.98325
2022-W36,R3,Brown Recipe,26.894117647058824
2022-W36,R4,Standard Blend,22.835
2022-W36,R5,Premium Blend,8.94
2022-W37,R1,80/70 Blend,36.89485714285714
2022-W37,R2,80 Straight,58.918416666666666
2022-W37,R3,Brown Recipe,26.848235294117647
2022-W37,R4,Standard Blend,22.404545454545456
2022-W37,R5,Premium Blend,9.126631578947368
2022-W38,R1,80/70 Blend,36.44285714285714
2022-W38,R2,80 Straight,57.63766666666667
2022-W38,R3,Brown Recipe,27.03529411764706
2022-W38,R4,Standard Blend,21.651363636363637
2022-W38,R5,Premium Blend,8.949789473684211
2022-W39,R1,80/70 Blend,36.62342857142857
2022-W39,R2,80 Straight,58.154333333333334
2022-W39,R3,Brown Recipe,27.16470588235294
2022-W39,R4,Standard Blend,22.11409090909091
2022-W39,R5,Premium Blend,8.942842105263157
2022-W40,R1,80/70 Blend,36.655428571428565
2022-W40,R2,80 Straight,59.393166666666666
2022-W40,R3,Brown Recipe,26.14588235294118
2022-W40,R4,Standard Blend,23.148636363636363
2022-W40,R5,Premium Blend,9.09
2022-W41,R1,80/70 Blend,36.385714285714286
2022-W41,R2,80 Straight,58.29125
2022-W41,R3,Brown Recipe,26.867058823529412
2022-W41,R4,Standard Blend,22.875454545454545
2022-W41,R5,Premium Blend,8.714210526315789
2022-W42,R1,80/70 Blend,36.15428571428571
2022-W42,R2,80 Straight,58.458083333333335
2022-W42,R3,Brown Recipe,28.91294117647059
2022-W42,R4,Standard Blend,22.43409090909091
2022-W42,R5,Premium Blend,9.096631578947369
2022-W43,R1,80/70 Blend,37.108
2022-W43,R2,80 Straight,60.1025
2022-W43,R3,Brown Recipe,26.70235294117647
2022-W43,R4,Standard Blend,23.585454545454546
2022-W43,R5,Premium Blend,9.114315789473684
2022-W44,R1,80/70 Blend,36.402857142857144
2022-W44,R2,80 Straight,59.23491666666666
2022-W44,R3,Brown Recipe,28.098823529411767
2022-W44,R4,Standard Blend,22.954090909090908
2022-W44,R5,Premium Blend,9.180631578947368
2022-W45,R1,80/70 Blend,37.505714285714284
2022-W45,R2,80 Straight,60.14341666666667
2022-W45,R3,Brown Recipe,27.75294117647059
2022-W45,R4,Standard Blend,23.72
2022-W45,R5,Premium Blend,8.944105263157894
2022-W46,R1,80/70 Blend,37.764
2022-W46,R2,80 Straight,59.077416666666664
2022-W46,R3,Brown Recipe,28.296470588235294
2022-W46,R4,Standard Blend,22.294090909090908
2022-W46,R5,Premium Blend,8.993052631578948
2022-W47,R1,80/70 Blend,38.853142857142856
2022-W47,R2,80 Straight,61.66258333333333
2022-W47,R3,Brown Recipe,28.64
2022-W47,R4,Standard Blend,24.04
2022-W47,R5,Premium Blend,9.182210526315789
2022-W48,R1,80/70 Blend,39.178285714285714
2022-W48,R2,80 Straight,63.38033333333333
2022-W48,R3,Brown Recipe,28.429411764705883
2022-W48,R4,Standard Blend,24.58318181818182
2022-W48,R5,Premium Blend,9.739894736842105
2022-W49,R1,80/70 Blend,40.78171428571429
2022-W49,R2,80 Straight,65.64391666666667
2022-W49,R3,Brown Recipe,29.561176470588233
2022-W49,R4,Standard Blend,24.729545454545455
2022-W49,R5,Premium Blend,10.386315789473684
2022-W50,R1,80/70 Blend,40.004571428571424
2022-W50,R2,80 Straight,64.27966666666667
2022-W50,R3,Brown Recipe,28.32470588235294
2022-W50,R4,Standard Blend,24.561818181818182
2022-W50,R5,Premium Blend,9.97642105263158
2022-W51,R1,80/70 Blend,41.57085714285714
2022-W51,R2,80 Straight,67.85233333333333
2022-W51,R3,Brown Recipe,30.69058823529412
2022-W51,R4,Standard Blend,26.55318181818182
2022-W51,R5,Premium Blend,10.427684210526316
2022-W52,R1,80/70 Blend,42.17542857142857
2022-W52,R2,80 Straight,66.79133333333333
2022-W52,R3,Brown Recipe,31.52235294117647
2022-W52,R4,Standard Blend,25.667727272727273
2022-W52,R5,Premium Blend,10.10178947368421
2023-W01,R1,80/70 Blend,42.58857142857143
2023-W01,R2,80 Straight,69.732
2023-W01,R3,Brown Recipe,32.51294117647059
2023-W01,R4,Standard Blend,26.96272727272727
2023-W01,R5,Premium Blend,10.920631578947368
2023-W02,R1,80/70 Blend,44.86971428571428
2023-W02,R2,80 Straight,71.68591666666667
2023-W02,R3,Brown Recipe,33.088235294117645
2023-W02,R4,Standard Blend,27.345454545454544
2023-W02,R5,Premium Blend,11.068105263157895
2023-W03,R1,80/70 Blend,46.82057142857143
2023-W03,R2,80 Straight,73.13816666666666
2023-W03,R3,Brown Recipe,33.25529411764706
2023-W03,R4,Standard Blend,27.03090909090909
2023-W03,R5,Premium Blend,11.394315789473684
2023-W04,R1,80/70 Blend,46.22457142857143
2023-W04,R2,80 Straight,74.41516666666666
2023-W04,R3,Brown Recipe,34.60823529411765
2023-W04,R4,Standard Blend,28.518181818181816
2023-W04,R5,Premium Blend,11.53578947368421
2023-W05,R1,80/70 Blend,47.141714285714286
2023-W05,R2,80 Straight,75.77641666666666
2023-W05,R3,Brown Recipe,35.529411764705884
2023-W05,R4,Standard Blend,30.055909090909093
2023-W05,R5,Premium Blend,11.219999999999999
2023-W06,R1,80/70 Blend,48.913714285714285
2023-W06,R2,80 Straight,76.82175
2023-W06,R3,Brown Recipe,34.86235294117647
2023-W06,R4,Standard Blend,29.101363636363637
2023-W06,R5,Premium Blend,11.7
2023-W07,R1,80/70 Blend,45.82742857142857
2023-W07,R2,80 Straight,75.48533333333333
2023-W07,R3,Brown Recipe,35.08117647058823
2023-W07,R4,Standard Blend,29.810454545454547
2023-W07,R5,Premium Blend,11.599263157894736
2023-W08,R1,80/70 Blend,47.25257142857143
2023-W08,R2,80 Straight,76.67666666666666
2023-W08,R3,Brown Recipe,35.49529411764706
2023-W08,R4,Standard Blend,30.02818181818182
2023-W08,R5,Premium Blend,11.686105263157893
2023-W09,R1,80/70 Blend,47.53771428571429
2023-W09,R2,80 Straight,78.15158333333333
2023-W09,R3,Brown Recipe,36.64470588235294
2023-W09,R4,Standard Blend,30.91227272727273
2023-W09,R5,Premium Blend,11.955789473684211
2023-W10,R1,80/70 Blend,47.88057142857143
2023-W10,R2,80 Straight,77.87541666666667
2023-W10,R3,Brown Recipe,37.131764705882354
2023-W10,R4,Standard Blend,30.228636363636365
2023-W10,R5,Premium Blend,12.037263157894737
2023-W11,R1,80/70 Blend,48.356
2023-W11,R2,80 Straight,79.8205
2023-W11,R3,Brown Recipe,36.05764705882353
2023-W11,R4,Standard Blend,31.202272727272728
2023-W11,R5,Premium Blend,12.456947368421051
2023-W12,R1,80/70 Blend,88.58571428571429
2023-W12,R2,80 Straight,145.78658333333334
2023-W12,R3,Brown Recipe,65.59764705882353
2023-W12,R4,Standard Blend,57.05136363636364
2023-W12,R5,Premium Blend,22.636421052631576
2023-W13,R1,80/70 Blend,123.26285714285714
2023-W13,R2,80 Straight,199.99258333333333
2023-W13,R3,Brown Recipe,93.09647058823529
2023-W13,R4,Standard Blend,75.71363636363637
2023-W13,R5,Premium Blend,31.769368421052633
2023-W14,R1,80/70 Blend,127.88685714285714
2023-W14,R2,80 Straight,204.3515
2023-W14,R3,Brown Recipe,94.62
2023-W14,R4,Standard Blend,76.04863636363636
2023-W14,R5,Premium Blend,32.502631578947366
2023-W15,R1,80/70 Blend,126.17714285714285
2023-W15,R2,80 Straight,202.02941666666666
2023-W15,R3,Brown Recipe,94.93176470588234
2023-W15,R4,Standard Blend,77.35954545454545
2023-W15,R5,Premium Blend,31.134947368421052
2023-W16,R1,80/70 Blend,103.10685714285714
2023-W16,R2,80 Straight,166.51008333333334
2023-W16,R3,Brown Recipe,73.98823529411764
2023-W16,R4,Standard Blend,64.855
2023-W16,R5,Premium Blend,25.397052631578948
2023-W17,R1,80/70 Blend,49.53257142857143
2023-W17,R2,80 Straight,78.67458333333333
2023-W17,R3,Brown Recipe,37.076470588235296
2023-W17,R4,Standard Blend,30.368636363636362
2023-W17,R5,Premium Blend,11.878736842105262
2023-W18,R1,80/70 Blend,49.62742857142857
2023-W18,R2,80 Straight,78.31475
2023-W18,R3,Brown Recipe,34.948235294117644
2023-W18,R4,Standard Blend,29.805
2023-W18,R5,Premium Blend,11.933684210526316
2023-W19,R1,80/70 Blend,50.54685714285714
2023-W19,R2,80 Straight,79.51466666666667
2023-W19,R3,Brown Recipe,36.343529411764706
2023-W19,R4,Standard Blend,30.567727272727275
2023-W19,R5,Premium Blend,11.914421052631578
2023-W20,R1,80/70 Blend,48.25142857142857
2023-W20,R2,80 Straight,77.31741666666667
2023-W20,R3,Brown Recipe,35.877647058823534
2023-W20,R4,Standard Blend,29.21272727272727
2023-W20,R5,Premium Blend,12.122210526315788
2023-W21,R1,80/70 Blend,47.321714285714286
2023-W21,R2,80 Straight,75.91925
2023-W21,R3,Brown Recipe,35.56117647058824
2023-W21,R4,Standard Blend,29.424545454545452
2023-W21,R5,Premium Blend,11.55378947368421
2023-W22,R1,80/70 Blend,67.45485714285715
2023-W22,R2,80 Straight,107.97708333333333
2023-W22,R3,Brown Recipe,50.35529411764706
2023-W22,R4,Standard Blend,42.50636363636363
2023-W22,R5,Premium Blend,16.058842105263157
2023-W23,R1,80/70 Blend,84.62457142857143
2023-W23,R2,80 Straight,132.27316666666667
2023-W23,R3,Brown Recipe,59.45411764705882
2023-W23,R4,Standard Blend,49.30954545454546
2023-W23,R5,Premium Blend,20.41357894736842
2023-W24,R1,80/70 Blend,82.50342857142857
2023-W24,R2,80 Straight,131.41366666666667
2023-W24,R3,Brown Recipe,60.64588235294118
2023-W24,R4,Standard Blend,50.44909090909091
2023-W24,R5,Premium Blend,20.05263157894737
2023-W25,R1,80/70 Blend,79.60342857142857
2023-W25,R2,80 Straight,127.73158333333333
2023-W25,R3,Brown Recipe,60.001176470588234
2023-W25,R4,Standard Blend,48.678636363636365
2023-W25,R5,Premium Blend,19.853684210526314
2023-W26,R1,80/70 Blend,67.18971428571429
2023-W26,R2,80 Straight,111.22375
2023-W26,R3,Brown Recipe,51.90941176470588
2023-W26,R4,Standard Blend,43.43409090909091
2023-W26,R5,Premium Blend,17.43978947368421
2023-W27,R1,80/70 Blend,43.84228571428571
2023-W27,R2,80 Straight,69.31016666666667
2023-W27,R3,Brown Recipe,31.73764705882353
2023-W27,R4,Standard Blend,25.659545454545455
2023-W27,R5,Premium Blend,10.943052631578947
2023-W28,R1,80/70 Blend,41.79085714285714
2023-W28,R2,80 Straight,67.33825
2023-W28,R3,Brown Recipe,31.16
2023-W28,R4,Standard Blend,25.331818181818182
2023-W28,R5,Premium Blend,10.685999999999998
2023-W29,R1,80/70 Blend,40.953714285714284
2023-W29,R2,80 Straight,66.98525
2023-W29,R3,Brown Recipe,31.05294117647059
2023-W29,R4,Standard Blend,26.07318181818182
2023-W29,R5,Premium Blend,10.391368421052631
2023-W30,R1,80/70 Blend,41.296
2023-W30,R2,80 Straight,65.45641666666667
2023-W30,R3,Brown Recipe,30.46
2023-W30,R4,Standard Blend,25.037727272727274
2023-W30,R5,Premium Blend,9.969473684210525
2023-W31,R1,80/70 Blend,39.25542857142857
2023-W31,R2,80 Straight,64.04525
2023-W31,R3,Brown Recipe,29.82470588235294
2023-W31,R4,Standard Blend,24.46272727272727
2023-W31,R5,Premium Blend,10.135263157894737
2023-W32,R1,80/70 Blend,40.39542857142857
2023-W32,R2,80 Straight,65.35258333333333
2023-W32,R3,Brown Recipe,30.08470588235294
2023-W32,R4,Standard Blend,24.731363636363636
2023-W32,R5,Premium Blend,10.349684210526316
2023-W33,R1,80/70 Blend,39.14742857142857
2023-W33,R2,80 Straight,61.75066666666667
2023-W33,R3,Brown Recipe,29.08705882352941
2023-W33,R4,Standard Blend,23.445454545454545
2023-W33,R5,Premium Blend,9.432
2023-W34,R1,80/70 Blend,38.87485714285714
2023-W34,R2,80 Straight,62.32058333333333
2023-W34,R3,Brown Recipe,29.622352941176473
2023-W34,R4,Standard Blend,23.69590909090909
2023-W34,R5,Premium Blend,9.702315789473683
2023-W35,R1,80/70 Blend,37.308571428571426
2023-W35,R2,80 Straight,60.84141666666667
2023-W35,R3,Brown Recipe,28.93294117647059
2023-W35,R4,Standard Blend,23.408636363636365
2023-W35,R5,Premium Blend,9.538736842105264
2023-W36,R1,80/70 Blend,39.14742857142857
2023-W36,R2,80 Straight,61.89366666666667
2023-W36,R3,Brown Recipe,28.108235294117648
2023-W36,R4,Standard Blend,23.612272727272728
2023-W36,R5,Premium Blend,9.426631578947369
2023-W37,R1,80/70 Blend,38.138285714285715
2023-W37,R2,80 Straight,61.70916666666667
2023-W37,R3,Brown Recipe,27.241176470588233
2023-W37,R4,Standard Blend,24.253636363636364
2023-W37,R5,Premium Blend,9.327157894736843
2023-W38,R1,80/70 Blend,36.901714285714284
2023-W38,R2,80 Straight,60.149499999999996
2023-W38,R3,Brown Recipe,27.764705882352942
2023-W38,R4,Standard Blend,23.21818181818182
2023-W38,R5,Premium Blend,9.387157894736841
2023-W39,R1,80/70 Blend,38.20685714285714
2023-W39,R2,80 Straight,59.32341666666667
2023-W39,R3,Brown Recipe,27.68
2023-W39,R4,Standard Blend,22.64909090909091
2023-W39,R5,Premium Blend,8.810210526315789
2023-W40,R1,80/70 Blend,36.96114285714285
2023-W40,R2,80 Straight,58.38025
2023-W40,R3,Brown Recipe,27.848235294117647
2023-W40,R4,Standard Blend,22.28818181818182
2023-W40,R5,Premium Blend,8.872105263157895
2023-W41,R1,80/70 Blend,37.69885714285714
2023-W41,R2,80 Straight,59.90683333333333
2023-W41,R3,Brown Recipe,27.861176470588234
2023-W41,R4,Standard Blend,23.102272727272727
2023-W41,R5,Premium Blend,9.061578947368421
2023-W42,R1,80/70 Blend,37.34057142857143
2023-W42,R2,80 Straight,59.106833333333334
2023-W42,R3,Brown Recipe,27.745882352941177
2023-W42,R4,Standard Blend,23.606818181818184
2023-W42,R5,Premium Blend,8.491263157894736
2023-W43,R1,80/70 Blend,38.4
2023-W43,R2,80 Straight,61.793
2023-W43,R3,Brown Recipe,28.08705882352941
2023-W43,R4,Standard Blend,23.17818181818182
2023-W43,R5,Premium Blend,9.823578947368421
2023-W44,R1,80/70 Blend,37.62914285714285
2023-W44,R2,80 Straight,60.12425
2023-W44,R3,Brown Recipe,27.843529411764706
2023-W44,R4,Standard Blend,23.987727272727273
2023-W44,R5,Premium Blend,8.761894736842105
2023-W45,R1,80/70 Blend,38.21542857142857
2023-W45,R2,80 Straight,62.32808333333333
2023-W45,R3,Brown Recipe,29.5
2023-W45,R4,Standard Blend,24.904545454545456
2023-W45,R5,Premium Blend,9.314842105263157
2023-W46,R1,80/70 Blend,38.72114285714286
2023-W46,R2,80 Straight,62.30116666666667
2023-W46,R3,Brown Recipe,27.672941176470587
2023-W46,R4,Standard Blend,25.211363636363636
2023-W46,R5,Premium Blend,8.988315789473685
2023-W47,R1,80/70 Blend,40.401714285714284
2023-W47,R2,80 Straight,64.9585
2023-W47,R3,Brown Recipe,27.594117647058823
2023-W47,R4,Standard Blend,25.127272727272725
2023-W47,R5,Premium Blend,9.937894736842106
2023-W48,R1,80/70 Blend,41.41542857142857
2023-W48,R2,80 Straight,65.47441666666667
2023-W48,R3,Brown Recipe,30.718823529411765
2023-W48,R4,Standard Blend,25.474545454545456
2023-W48,R5,Premium Blend,9.724736842105262
2023-W49,R1,80/70 Blend,41.07028571428572
2023-W49,R2,80 Straight,66.5315
2023-W49,R3,Brown Recipe,29.808235294117647
2023-W49,R4,Standard Blend,25.722272727272728
2023-W49,R5,Premium Blend,10.283052631578947
2023-W50,R1,80/70 Blend,41.916
2023-W50,R2,80 Straight,66.75083333333333
2023-W50,R3,Brown Recipe,30.054117647058824
2023-W50,R4,Standard Blend,26.14818181818182
2023-W50,R5,Premium Blend,9.923368421052631
2023-W51,R1,80/70 Blend,43.453714285714284
2023-W51,R2,80 Straight,69.12791666666666
2023-W51,R3,Brown Recipe,31.807058823529413
2023-W51,R4,Standard Blend,26.911363636363635
2023-W51,R5,Premium Blend,10.345894736842105
2023-W52,R1,80/70 Blend,44.02514285714285
2023-W52,R2,80 Straight,70.25283333333334
2023-W52,R3,Brown Recipe,31.401176470588236
2023-W52,R4,Standard Blend,27.09590909090909
2023-W52,R5,Premium Blend,10.682842105263157
2024-W01,R1,80/70 Blend,44.01085714285714
2024-W01,R2,80 Straight,70.41875
2024-W01,R3,Brown Recipe,33.59647058823529
2024-W01,R4,Standard Blend,26.727272727272727
2024-W01,R5,Premium Blend,10.960105263157894
2024-W02,R1,80/70 Blend,47.31142857142857
2024-W02,R2,80 Straight,73.41691666666667
2024-W02,R3,Brown Recipe,34.40117647058823
2024-W02,R4,Standard Blend,27.810454545454547
2024-W02,R5,Premium Blend,11.003368421052631
2024-W03,R1,80/70 Blend,47.38171428571428
2024-W03,R2,80 Straight,72.90966666666667
2024-W03,R3,Brown Recipe,34.974117647058826
2024-W03,R4,Standard Blend,27.23909090909091
2024-W03,R5,Premium Blend,10.990105263157893
2024-W04,R1,80/70 Blend,47.530857142857144
2024-W04,R2,80 Straight,75.13158333333332
2024-W04,R3,Brown Recipe,35.36705882352941
2024-W04,R4,Standard Blend,28.36090909090909
2024-W04,R5,Premium Blend,11.589157894736841
2024-W05,R1,80/70 Blend,47.38514285714285
2024-W05,R2,80 Straight,76.05591666666666
2024-W05,R3,Brown Recipe,35.38117647058824
2024-W05,R4,Standard Blend,29.881363636363638
2024-W05,R5,Premium Blend,11.381052631578948
2024-W06,R1,80/70 Blend,47.408
2024-W06,R2,80 Straight,76.0845
2024-W06,R3,Brown Recipe,34.80352941176471
2024-W06,R4,Standard Blend,29.405454545454546
2024-W06,R5,Premium Blend,11.625473684210526
2024-W07,R1,80/70 Blend,48.77314285714285
2024-W07,R2,80 Straight,78.08033333333333
2024-W07,R3,Brown Recipe,35.21764705882353
2024-W07,R4,Standard Blend,30.03818181818182
2024-W07,R5,Premium Blend,11.960842105263158
2024-W08,R1,80/70 Blend,49.344
2024-W08,R2,80 Straight,80.44716666666666
2024-W08,R3,Brown Recipe,35.75764705882353
2024-W08,R4,Standard Blend,31.122272727272726
2024-W08,R5,Premium Blend,12.523894736842104
2024-W09,R1,80/70 Blend,49.586285714285715
2024-W09,R2,80 Straight,80.84941666666667
2024-W09,R3,Brown Recipe,36.54117647058823
2024-W09,R4,Standard Blend,31.16318181818182
2024-W09,R5,Premium Blend,12.644842105263157
2024-W10,R1,80/70 Blend,50.981142857142856
2024-W10,R2,80 Straight,80.69308333333333
2024-W10,R3,Brown Recipe,36.976470588235294
2024-W10,R4,Standard Blend,30.83681818181818
2024-W10,R5,Premium Blend,12.281684210526315
2024-W11,R1,80/70 Blend,128.216
2024-W11,R2,80 Straight,207.33525
2024-W11,R3,Brown Recipe,93.80941176470589
2024-W11,R4,Standard Blend,77.81954545454545
2024-W11,R5,Premium Blend,33.13515789473684
2024-W12,R1,80/70 Blend,129.41657142857142
2024-W12,R2,80 Straight,212.37008333333333
2024-W12,R3,Brown Recipe,95.02470588235295
2024-W12,R4,Standard Blend,81.58272727272727
2024-W12,R5,Premium Blend,33.61421052631579
2024-W13,R1,80/70 Blend,133.85542857142858
2024-W13,R2,80 Straight,207.22825
2024-W13,R3,Brown Recipe,95.84588235294117
2024-W13,R4,Standard Blend,78.015
2024-W13,R5,Premium Blend,31.199368421052633
2024-W14,R1,80/70 Blend,126.90114285714286
2024-W14,R2,80 Straight,206.71933333333334
2024-W14,R3,Brown Recipe,94.50470588235294
2024-W14,R4,Standard Blend,80.20590909090909
2024-W14,R5,Premium Blend,32.032736842105265
2024-W15,R1,80/70 Blend,72.05485714285714
2024-W15,R2,80 Straight,119.011
2024-W15,R3,Brown Recipe,53.04588235294118
2024-W15,R4,Standard Blend,46.804545454545455
2024-W15,R5,Premium Blend,18.446526315789473
2024-W16,R1,80/70 Blend,51.34799999999999
2024-W16,R2,80 Straight,81.76441666666666
2024-W16,R3,Brown Recipe,39.283529411764704
2024-W16,R4,Standard Blend,31.658181818181816
2024-W16,R5,Premium Blend,12.33821052631579
2024-W17,R1,80/70 Blend,49.44057142857143
2024-W17,R2,80 Straight,79.6
2024-W17,R3,Brown Recipe,38.57176470588235
2024-W17,R4,Standard Blend,31.145909090909093
2024-W17,R5,Premium Blend,12.023052631578947
2024-W18,R1,80/70 Blend,50.09771428571428
2024-W18,R2,80 Straight,81.38391666666666
2024-W18,R3,Brown Recipe,37.675294117647056
2024-W18,R4,Standard Blend,31.44818181818182
2024-W18,R5,Premium Blend,12.631263157894736
2024-W19,R1,80/70 Blend,48.75714285714286
2024-W19,R2,80 Straight,80.89208333333333
2024-W19,R3,Brown Recipe,37.44235294117647
2024-W19,R4,Standard Blend,31.452272727272728
2024-W19,R5,Premium Blend,12.786315789473683
2024-W20,R1,80/70 Blend,47.731428571428566
2024-W20,R2,80 Straight,79.49358333333333
2024-W20,R3,Brown Recipe,35.60823529411765
2024-W20,R4,Standard Blend,31.973636363636363
2024-W20,R5,Premium Blend,12.094421052631578
2024-W21,R1,80/70 Blend,47.952571428571424
2024-W21,R2,80 Straight,77.83941666666666
2024-W21,R3,Brown Recipe,37.12
2024-W21,R4,Standard Blend,30.425454545454546
2024-W21,R5,Premium Blend,11.89736842105263
2024-W22,R1,80/70 Blend,57.90685714285714
2024-W22,R2,80 Straight,94.08725
2024-W22,R3,Brown Recipe,42.184705882352944
2024-W22,R4,Standard Blend,36.249545454545455
2024-W22,R5,Premium Blend,14.65957894736842
2024-W23,R1,80/70 Blend,85.92514285714284
2024-W23,R2,80 Straight,138.80683333333334
2024-W23,R3,Brown Recipe,63.76235294117647
2024-W23,R4,Standard Blend,55.34227272727273
2024-W23,R5,Premium Blend,20.54621052631579
2024-W24,R1,80/70 Blend,85.52971428571428
2024-W24,R2,80 Straight,138.02766666666668
2024-W24,R3,Brown Recipe,62.67294117647059
2024-W24,R4,Standard Blend,52.819545454545455
2024-W24,R5,Premium Blend,21.501157894736842
2024-W25,R1,80/70 Blend,82.72628571428571
2024-W25,R2,80 Straight,132.29250000000002
2024-W25,R3,Brown Recipe,61.1
2024-W25,R4,Standard Blend,49.38363636363636
2024-W25,R5,Premium Blend,20.986736842105262
2024-W26,R1,80/70 Blend,80.92971428571428
2024-W26,R2,80 Straight,131.88708333333332
2024-W26,R3,Brown Recipe,62.40117647058823
2024-W26,R4,Standard Blend,51.333181818181814
2024-W26,R5,Premium Blend,20.36715789473684
2024-W27,R1,80/70 Blend,45.39714285714285
2024-W27,R2,80 Straight,72.5195
2024-W27,R3,Brown Recipe,34.16
2024-W27,R4,Standard Blend,28.200454545454548
2024-W27,R5,Premium Blend,10.928526315789473
2024-W28,R1,80/70 Blend,44.30285714285714
2024-W28,R2,80 Straight,69.37558333333334
2024-W28,R3,Brown Recipe,31.23176470588235
2024-W28,R4,Standard Blend,26.53681818181818
2024-W28,R5,Premium Blend,10.397684210526315
2024-W29,R1,80/70 Blend,41.03542857142857
2024-W29,R2,80 Straight,66.34841666666667
2024-W29,R3,Brown Recipe,32.45882352941177
2024-W29,R4,Standard Blend,25.397727272727273
2024-W29,R5,Premium Blend,10.356
2024-W30,R1,80/70 Blend,41.10857142857143
2024-W30,R2,80 Straight,67.21016666666667
2024-W30,R3,Brown Recipe,30.18235294117647
2024-W30,R4,Standard Blend,26.022727272727273
2024-W30,R5,Premium Blend,10.489263157894737
2024-W31,R1,80/70 Blend,41.921142857142854
2024-W31,R2,80 Straight,66.14783333333334
2024-W31,R3,Brown Recipe,29.814117647058822
2024-W31,R4,Standard Blend,25.481363636363636
2024-W31,R5,Premium Blend,9.926210526315788
2024-W32,R1,80/70 Blend,40.07371428571429
2024-W32,R2,80 Straight,64.31691666666667
2024-W32,R3,Brown Recipe,29.934117647058823
2024-W32,R4,Standard Blend,24.794545454545457
2024-W32,R5,Premium Blend,9.859263157894738
2024-W33,R1,80/70 Blend,39.669714285714285
2024-W33,R2,80 Straight,65.1805
2024-W33,R3,Brown Recipe,29.296470588235294
2024-W33,R4,Standard Blend,25.352272727272727
2024-W33,R5,Premium Blend,10.17757894736842
2024-W34,R1,80/70 Blend,41.23428571428571
2024-W34,R2,80 Straight,64.74925
2024-W34,R3,Brown Recipe,29.16941176470588
2024-W34,R4,Standard Blend,24.185909090909092
2024-W34,R5,Premium Blend,10.02884210526316
2024-W35,R1,80/70 Blend,40.0
2024-W35,R2,80 Straight,63.73458333333333
2024-W35,R3,Brown Recipe,28.28235294117647
2024-W35,R4,Standard Blend,24.690454545454546
2024-W35,R5,Premium Blend,9.618947368421052
2024-W36,R1,80/70 Blend,39.75371428571428
2024-W36,R2,80 Straight,62.28633333333333
2024-W36,R3,Brown Recipe,29.241176470588236
2024-W36,R4,Standard Blend,23.935454545454544
2024-W36,R5,Premium Blend,9.287368421052632
2024-W37,R1,80/70 Blend,39.16171428571428
2024-W37,R2,80 Straight,62.6285
2024-W37,R3,Brown Recipe,28.677647058823528
2024-W37,R4,Standard Blend,24.69181818181818
2024-W37,R5,Premium Blend,9.284210526315789
2024-W38,R1,80/70 Blend,38.402857142857144
2024-W38,R2,80 Straight,61.9835
2024-W38,R3,Brown Recipe,28.81529411764706
2024-W38,R4,Standard Blend,24.18090909090909
2024-W38,R5,Premium Blend,9.42821052631579
2024-W39,R1,80/70 Blend,38.35428571428571
2024-W39,R2,80 Straight,61.583
2024-W39,R3,Brown Recipe,28.488235294117647
2024-W39,R4,Standard Blend,23.55090909090909
2024-W39,R5,Premium Blend,9.53936842105263
2024-W40,R1,80/70 Blend,38.91771428571428
2024-W40,R2,80 Straight,60.939166666666665
2024-W40,R3,Brown Recipe,28.76823529411765
2024-W40,R4,Standard Blend,23.743636363636362
2024-W40,R5,Premium Blend,8.917263157894737
2024-W41,R1,80/70 Blend,38.305142857142854
2024-W41,R2,80 Straight,61.56883333333333
2024-W41,R3,Brown Recipe,28.07764705882353
2024-W41,R4,Standard Blend,23.62909090909091
2024-W41,R5,Premium Blend,9.50842105263158
2024-W42,R1,80/70 Blend,36.82685714285714
2024-W42,R2,80 Straight,61.734833333333334
2024-W42,R3,Brown Recipe,27.816470588235294
2024-W42,R4,Standard Blend,24.165454545454544
2024-W42,R5,Premium Blend,9.798947368421052
2024-W43,R1,80/70 Blend,38.71485714285714
2024-W43,R2,80 Straight,62.96183333333333
2024-W43,R3,Brown Recipe,30.148235294117647
2024-W43,R4,Standard Blend,23.98818181818182
2024-W43,R5,Premium Blend,9.954947368421053
2024-W44,R1,80/70 Blend,39.18228571428571
2024-W44,R2,80 Straight,62.437333333333335
2024-W44,R3,Brown Recipe,29.332941176470587
2024-W44,R4,Standard Blend,23.947727272727274
2024-W44,R5,Premium Blend,9.543473684210525
2024-W45,R1,80/70 Blend,38.559999999999995
2024-W45,R2,80 Straight,62.95683333333333
2024-W45,R3,Brown Recipe,28.972941176470588
2024-W45,R4,Standard Blend,24.223181818181818
2024-W45,R5,Premium Blend,9.884526315789474
2024-W46,R1,80/70 Blend,40.41028571428571
2024-W46,R2,80 Straight,65.47225
2024-W46,R3,Brown Recipe,29.135294117647057
2024-W46,R4,Standard Blend,25.67909090909091
2024-W46,R5,Premium Blend,9.939473684210526
2024-W47,R1,80/70 Blend,42.244571428571426
2024-W47,R2,80 Straight,67.025
2024-W47,R3,Brown Recipe,29.652941176470588
2024-W47,R4,Standard Blend,26.047272727272727
2024-W47,R5,Premium Blend,10.018105263157894
2024-W48,R1,80/70 Blend,41.25142857142857
2024-W48,R2,80 Straight,68.29908333333333
2024-W48,R3,Brown Recipe,31.341176470588238
2024-W48,R4,Standard Blend,26.549545454545452
2024-W48,R5,Premium Blend,10.772210526315789
2024-W49,R1,80/70 Blend,41.26342857142857
2024-W49,R2,80 Straight,67.49933333333334
2024-W49,R3,Brown Recipe,31.668235294117647
2024-W49,R4,Standard Blend,25.684090909090912
2024-W49,R5,Premium Blend,10.764947368421053
2024-W50,R1,80/70 Blend,43.741142857142854
2024-W50,R2,80 Straight,71.105
2024-W50,R3,Brown Recipe,31.71294117647059
2024-W50,R4,Standard Blend,27.68
2024-W50,R5,Premium Blend,10.943999999999999
2024-W51,R1,80/70 Blend,45.028571428571425
2024-W51,R2,80 Straight,71.66583333333334
2024-W51,R3,Brown Recipe,31.661176470588234
2024-W51,R4,Standard Blend,27.883636363636363
2024-W51,R5,Premium Blend,10.74
2024-W52,R1,80/70 Blend,45.096
2024-W52,R2,80 Straight,72.43416666666667
2024-W52,R3,Brown Recipe,31.50470588235294
2024-W52,R4,Standard Blend,27.795
2024-W52,R5,Premium Blend,11.178631578947368
2025-W01,R1,80/70 Blend,46.40571428571428
2025-W01,R2,80 Straight,75.01158333333333
2025-W01,R3,Brown Recipe,32.650588235294116
2025-W01,R4,Standard Blend,28.861363636363635
2025-W01,R5,Premium Blend,11.631157894736841
2025-W02,R1,80/70 Blend,46.150285714285715
2025-W02,R2,80 Straight,75.17591666666667
2025-W02,R3,Brown Recipe,34.23529411764706
2025-W02,R4,Standard Blend,29.457727272727276
2025-W02,R5,Premium Blend,11.504842105263158
2025-W03,R1,80/70 Blend,46.96742857142857
2025-W03,R2,80 Straight,75.84583333333333
2025-W03,R3,Brown Recipe,36.188235294117646
2025-W03,R4,Standard Blend,30.004545454545454
2025-W03,R5,Premium Blend,11.338105263157894
2025-W04,R1,80/70 Blend,48.952
2025-W04,R2,80 Straight,78.22408333333334
2025-W04,R3,Brown Recipe,34.08352941176471
2025-W04,R4,Standard Blend,30.37772727272727
2025-W04,R5,Premium Blend,11.813684210526315
2025-W05,R1,80/70 Blend,49.51485714285714
2025-W05,R2,80 Straight,79.025
2025-W05,R3,Brown Recipe,36.9
2025-W05,R4,Standard Blend,30.52227272727273
2025-W05,R5,Premium Blend,11.997789473684211
2025-W06,R1,80/70 Blend,49.31657142857143
2025-W06,R2,80 Straight,80.65458333333333
2025-W06,R3,Brown Recipe,37.6
2025-W06,R4,Standard Blend,31.69818181818182
2025-W06,R5,Premium Blend,12.359052631578948
2025-W07,R1,80/70 Blend,50.126285714285714
2025-W07,R2,80 Straight,78.95233333333334
2025-W07,R3,Brown Recipe,36.231764705882355
2025-W07,R4,Standard Blend,29.908181818181816
2025-W07,R5,Premium Blend,12.070105263157895
2025-W08,R1,80/70 Blend,50.847428571428566
2025-W08,R2,80 Straight,82.62133333333334
2025-W08,R3,Brown Recipe,38.131764705882354
2025-W08,R4,Standard Blend,31.596818181818183
2025-W08,R5,Premium Blend,12.990631578947367
2025-W09,R1,80/70 Blend,74.296
2025-W09,R2,80 Straight,114.77966666666667
2025-W09,R3,Brown Recipe,53.892941176470586
2025-W09,R4,Standard Blend,44.30181818181818
2025-W09,R5,Premium Blend,16.690105263157896
2025-W10,R1,80/70 Blend,126.60857142857142
2025-W10,R2,80 Straight,206.00933333333333
2025-W10,R3,Brown Recipe,99.03176470588235
2025-W10,R4,Standard Blend,80.105
2025-W10,R5,Premium Blend,31.79084210526316
2025-W11,R1,80/70 Blend,126.55314285714286
2025-W11,R2,80 Straight,206.26075
2025-W11,R3,Brown Recipe,95.14235294117647
2025-W11,R4,Standard Blend,79.17681818181818
2025-W11,R5,Premium Blend,32.40505263157895
2025-W12,R1,80/70 Blend,131.36171428571427
2025-W12,R2,80 Straight,205.85366666666667
2025-W12,R3,Brown Recipe,95.6035294117647
2025-W12,R4,Standard Blend,77.4609090909091
2025-W12,R5,Premium Blend,31.517684210526316
2025-W13,R1,80/70 Blend,129.47885714285715
2025-W13,R2,80 Straight,208.82191666666668
2025-W13,R3,Brown Recipe,95.28823529411764
2025-W13,R4,Standard Blend,79.55409090909092
2025-W13,R5,Premium Blend,32.68042105263158
2025-W14,R1,80/70 Blend,52.70057142857143
2025-W14,R2,80 Straight,82.90283333333333
2025-W14,R3,Brown Recipe,41.10470588235294
2025-W14,R4,Standard Blend,31.46090909090909
2025-W14,R5,Premium Blend,12.625263157894736
2025-W15,R1,80/70 Blend,51.92685714285714
2025-W15,R2,80 Straight,85.60133333333333
2025-W15,R3,Brown Recipe,38.46941176470588
2025-W15,R4,Standard Blend,32.48909090909091
2025-W15,R5,Premium Blend,13.82021052631579
2025-W16,R1,80/70 Blend,52.08457142857143
2025-W16,R2,80 Straight,84.66675
2025-W16,R3,Brown Recipe,37.99294117647059
2025-W16,R4,Standard Blend,33.39090909090909
2025-W16,R5,Premium Blend,12.81694736842105
2025-W17,R1,80/70 Blend,52.10628571428571
2025-W17,R2,80 Straight,83.46258333333333
2025-W17,R3,Brown Recipe,39.14
2025-W17,R4,Standard Blend,32.06727272727273
2025-W17,R5,Premium Blend,12.815052631578947
2025-W18,R1,80/70 Blend,50.69314285714286
2025-W18,R2,80 Straight,82.84325
2025-W18,R3,Brown Recipe,38.650588235294116
2025-W18,R4,Standard Blend,32.66636363636364
2025-W18,R5,Premium Blend,12.628736842105264
2025-W19,R1,80/70 Blend,52.860571428571426
2025-W19,R2,80 Straight,82.27925
2025-W19,R3,Brown Recipe,37.114117647058826
2025-W19,R4,Standard Blend,31.689999999999998
2025-W19,R5,Premium Blend,12.123473684210527
2025-W20,R1,80/70 Blend,51.76857142857143
2025-W20,R2,80 Straight,80.47625
2025-W20,R3,Brown Recipe,37.99176470588235
2025-W20,R4,Standard Blend,30.37409090909091
2025-W20,R5,Premium Blend,12.145263157894737
2025-W21,R1,80/70 Blend,51.34914285714285
2025-W21,R2,80 Straight,82.6855
2025-W21,R3,Brown Recipe,37.8164705882353
2025-W21,R4,Standard Blend,31.914545454545454
2025-W21,R5,Premium Blend,12.709263157894735
2025-W22,R1,80/70 Blend,55.964
2025-W22,R2,80 Straight,89.40341666666666
2025-W22,R3,Brown Recipe,41.54117647058824
2025-W22,R4,Standard Blend,34.392272727272726
2025-W22,R5,Premium Blend,13.659157894736841
2025-W23,R1,80/70 Blend,87.52971428571428
2025-W23,R2,80 Straight,140.47341666666668
2025-W23,R3,Brown Recipe,68.03647058823529
2025-W23,R4,Standard Blend,53.24
2025-W23,R5,Premium Blend,21.98494736842105
2025-W24,R1,80/70 Blend,85.8062857142857
2025-W24,R2,80 Straight,140.67725000000002
2025-W24,R3,Brown Recipe,64.67058823529412
2025-W24,R4,Standard Blend,54.45409090909091
2025-W24,R5,Premium Blend,22.03705263157895
2025-W25,R1,80/70 Blend,83.86228571428572
2025-W25,R2,80 Straight,134.02233333333334
2025-W25,R3,Brown Recipe,63.51882352941177
2025-W25,R4,Standard Blend,51.834545454545456
2025-W25,R5,Premium Blend,20.34821052631579
2025-W26,R1,80/70 Blend,85.83771428571428
2025-W26,R2,80 Straight,135.16508333333334
2025-W26,R3,Brown Recipe,64.05764705882353
2025-W26,R4,Standard Blend,52.63545454545454
2025-W26,R5,Premium Blend,19.94557894736842
2025-W27,R1,80/70 Blend,51.016
2025-W27,R2,80 Straight,82.86141666666667
2025-W27,R3,Brown Recipe,38.190588235294115
2025-W27,R4,Standard Blend,31.587272727272726
2025-W27,R5,Premium Blend,13.072105263157894
2025-W28,R1,80/70 Blend,42.41028571428571
2025-W28,R2,80 Straight,71.23041666666667
2025-W28,R3,Brown Recipe,33.22705882352941
2025-W28,R4,Standard Blend,28.607727272727274
2025-W28,R5,Premium Blend,10.97178947368421
2025-W29,R1,80/70 Blend,43.77142857142857
2025-W29,R2,80 Straight,70.57358333333333
2025-W29,R3,Brown Recipe,31.96941176470588
2025-W29,R4,Standard Blend,27.35272727272727
2025-W29,R5,Premium Blend,10.809157894736842
2025-W30,R1,80/70 Blend,44.947428571428574
2025-W30,R2,80 Straight,70.904
2025-W30,R3,Brown Recipe,32.33176470588235
2025-W30,R4,Standard Blend,26.67590909090909
2025-W30,R5,Premium Blend,10.952526315789473
2025-W31,R1,80/70 Blend,42.28057142857143
2025-W31,R2,80 Straight,67.57875
2025-W31,R3,Brown Recipe,32.65882352941176
2025-W31,R4,Standard Blend,24.755
2025-W31,R5,Premium Blend,10.94778947368421
2025-W32,R1,80/70 Blend,41.358285714285714
2025-W32,R2,80 Straight,66.78533333333333
2025-W32,R3,Brown Recipe,31.116470588235295
2025-W32,R4,Standard Blend,25.415
2025-W32,R5,Premium Blend,10.482
2025-W33,R1,80/70 Blend,40.830285714285715
2025-W33,R2,80 Straight,66.46825
2025-W33,R3,Brown Recipe,31.418823529411764
2025-W33,R4,Standard Blend,25.76909090909091
2025-W33,R5,Premium Blend,10.301368421052631
2025-W34,R1,80/70 Blend,41.32342857142857
2025-W34,R2,80 Straight,64.60691666666666
2025-W34,R3,Brown Recipe,30.085882352941177
2025-W34,R4,Standard Blend,24.378636363636364
2025-W34,R5,Premium Blend,9.828
2025-W35,R1,80/70 Blend,40.57885714285714
2025-W35,R2,80 Straight,65.20158333333333
2025-W35,R3,Brown Recipe,29.83529411764706
2025-W35,R4,Standard Blend,25.74681818181818
2025-W35,R5,Premium Blend,9.706105263157895
2025-W36,R1,80/70 Blend,39.512
2025-W36,R2,80 Straight,64.15141666666666
2025-W36,R3,Brown Recipe,30.21529411764706
2025-W36,R4,Standard Blend,25.020454545454545
2025-W36,R5,Premium Blend,9.834947368421053
2025-W37,R1,80/70 Blend,39.40114285714286
2025-W37,R2,80 Straight,64.59975
2025-W37,R3,Brown Recipe,28.78705882352941
2025-W37,R4,Standard Blend,24.89090909090909
2025-W37,R5,Premium Blend,10.176947368421052
2025-W38,R1,80/70 Blend,40.07028571428571
2025-W38,R2,80 Straight,63.61216666666667
2025-W38,R3,Brown Recipe,29.138823529411766
2025-W38,R4,Standard Blend,24.12590909090909
2025-W38,R5,Premium Blend,9.810631578947367
2025-W39,R1,80/70 Blend,40.95771428571428
2025-W39,R2,80 Straight,63.99008333333333
2025-W39,R3,Brown Recipe,28.972941176470588
2025-W39,R4,Standard Blend,24.438636363636363
2025-W39,R5,Premium Blend,9.57978947368421
2025-W40,R1,80/70 Blend,39.004571428571424
2025-W40,R2,80 Straight,62.5935
2025-W40,R3,Brown Recipe,29.88235294117647
2025-W40,R4,Standard Blend,24.247727272727275
2025-W40,R5,Premium Blend,9.535263157894736
2025-W41,R1,80/70 Blend,38.25542857142857
2025-W41,R2,80 Straight,62.04166666666667
2025-W41,R3,Brown Recipe,28.15529411764706
2025-W41,R4,Standard Blend,23.975454545454546
2025-W41,R5,Premium Blend,9.608210526315789
2025-W42,R1,80/70 Blend,39.16057142857143
2025-W42,R2,80 Straight,63.62441666666667
2025-W42,R3,Brown Recipe,29.23764705882353
2025-W42,R4,Standard Blend,24.349090909090908
2025-W42,R5,Premium Blend,9.99378947368421
2025-W43,R1,80/70 Blend,39.66571428571428
2025-W43,R2,80 Straight,63.205999999999996
2025-W43,R3,Brown Recipe,28.147058823529413
2025-W43,R4,Standard Blend,24.115909090909092
2025-W43,R5,Premium Blend,9.723473684210525
2025-W44,R1,80/70 Blend,39.488
2025-W44,R2,80 Straight,63.70166666666667
2025-W44,R3,Brown Recipe,29.65529411764706
2025-W44,R4,Standard Blend,24.98227272727273
2025-W44,R5,Premium Blend,9.617999999999999
2025-W45,R1,80/70 Blend,41.76457142857143
2025-W45,R2,80 Straight,65.503
2025-W45,R3,Brown Recipe,30.131764705882354
2025-W45,R4,Standard Blend,25.10090909090909
2025-W45,R5,Premium Blend,9.81536842105263
2025-W46,R1,80/70 Blend,40.76971428571429
2025-W46,R2,80 Straight,65.37866666666666
2025-W46,R3,Brown Recipe,30.11294117647059
2025-W46,R4,Standard Blend,24.932727272727274
2025-W46,R5,Premium Blend,10.145684210526316
2025-W47,R1,80/70 Blend,42.71485714285714
2025-W47,R2,80 Straight,66.68108333333333
2025-W47,R3,Brown Recipe,31.264705882352942
2025-W47,R4,Standard Blend,25.068636363636365
2025-W47,R5,Premium Blend,10.169052631578946
2025-W48,R1,80/70 Blend,42.076
2025-W48,R2,80 Straight,67.57708333333333
2025-W48,R3,Brown Recipe,31.0
2025-W48,R4,Standard Blend,26.18090909090909
2025-W48,R5,Premium Blend,10.303894736842105
2025-W49,R1,80/70 Blend,43.44742857142857
2025-W49,R2,80 Straight,68.996
2025-W49,R3,Brown Recipe,31.814117647058822
2025-W49,R4,Standard Blend,26.648636363636363
2025-W49,R5,Premium Blend,10.406842105263157
2025-W50,R1,80/70 Blend,43.56057142857143
2025-W50,R2,80 Straight,70.91508333333334
2025-W50,R3,Brown Recipe,32.55529411764706
2025-W50,R4,Standard Blend,27.155
2025-W50,R5,Premium Blend,11.158736842105263
2025-W51,R1,80/70 Blend,44.34285714285714
2025-W51,R2,80 Straight,70.78925
2025-W51,R3,Brown Recipe,32.660000000000004
2025-W51,R4,Standard Blend,27.55590909090909
2025-W51,R5,Premium Blend,10.644631578947369
2025-W52,R1,80/70 Blend,47.13028571428571
2025-W52,R2,80 Straight,74.98825
2025-W52,R3,Brown Recipe,33.14941176470588
2025-W52,R4,Standard Blend,28.89409090909091
2025-W52,R5,Premium Blend,11.373473684210525
2026-W01,R1,80/70 Blend,48.13771428571428
2026-W01,R2,80 Straight,76.25416666666666
2026-W01,R3,Brown Recipe,33.19176470588235
2026-W01,R4,Standard Blend,29.400454545454544
2026-W01,R5,Premium Blend,11.48936842105263
2026-W02,R1,80/70 Blend,48.92342857142857
2026-W02,R2,80 Straight,76.99091666666666
2026-W02,R3,Brown Recipe,36.510588235294115
2026-W02,R4,Standard Blend,29.336363636363636
2026-W02,R5,Premium Blend,11.671894736842106
2026-W03,R1,80/70 Blend,47.31371428571428
2026-W03,R2,80 Straight,77.679
2026-W03,R3,Brown Recipe,36.03058823529412
2026-W03,R4,Standard Blend,30.624545454545455
2026-W03,R5,Premium Blend,11.913473684210526
2026-W04,R1,80/70 Blend,48.89714285714285
2026-W04,R2,80 Straight,77.82383333333334
2026-W04,R3,Brown Recipe,35.548235294117646
2026-W04,R4,Standard Blend,29.776818181818182
2026-W04,R5,Premium Blend,11.912526315789474
2026-W05,R1,80/70 Blend,48.08628571428571
2026-W05,R2,80 Straight,79.35066666666667
2026-W05,R3,Brown Recipe,37.067058823529415
2026-W05,R4,Standard Blend,31.774545454545454
2026-W05,R5,Premium Blend,12.00378947368421
2026-W06,R1,80/70 Blend,50.946285714285715
2026-W06,R2,80 Straight,81.01333333333334
2026-W06,R3,Brown Recipe,37.87882352941176
2026-W06,R4,Standard Blend,30.915
2026-W06,R5,Premium Blend,12.427263157894735
2026-W07,R1,80/70 Blend,15.822857142857144
2026-W07,R2,80 Straight,24.21091666666667
2026-W07,R3,Brown Recipe,10.60235294117647
2026-W07,R4,Standard Blend,8.994090909090911
2026-W07,R5,Premium Blend,3.646736842105263
